"price","volume","timestamp","type"
"0.0702","1316.52","2024-05-26T20:36:28.347Z","bid"
"0.0701","2125.27","2024-05-26T20:36:28.347Z","bid"
"0.07","26852.21","2024-05-26T20:36:28.347Z","bid"
"0.0699","942.15","2024-05-26T20:36:28.347Z","bid"
"0.0698","562.46","2024-05-26T20:36:28.347Z","bid"
"0.0697","285.36","2024-05-26T20:36:28.347Z","bid"
"0.0695","500","2024-05-26T20:36:28.347Z","bid"
"0.0693","927.01","2024-05-26T20:36:28.347Z","bid"
"0.0692","2654.72","2024-05-26T20:36:28.347Z","bid"
"0.069","255.12","2024-05-26T20:36:28.347Z","bid"
"0.0689","538.47","2024-05-26T20:36:28.347Z","bid"
"0.0687","852.77","2024-05-26T20:36:28.347Z","bid"
"0.0686","36405.16","2024-05-26T20:36:28.347Z","bid"
"0.0685","87162.21","2024-05-26T20:36:28.347Z","bid"
"0.0684","542.41","2024-05-26T20:36:28.347Z","bid"
"0.0681","7303.31","2024-05-26T20:36:28.347Z","bid"
"0.068","126697.26","2024-05-26T20:36:28.347Z","bid"
"0.0677","37256.57","2024-05-26T20:36:28.347Z","bid"
"0.0676","433.43","2024-05-26T20:36:28.347Z","bid"
"0.0675","8694.76","2024-05-26T20:36:28.347Z","bid"
"0.0673","4602.59","2024-05-26T20:36:28.347Z","bid"
"0.0672","296.42","2024-05-26T20:36:28.347Z","bid"
"0.0671","2702.92","2024-05-26T20:36:28.347Z","bid"
"0.067","10501.63","2024-05-26T20:36:28.347Z","bid"
"0.0668","5704.4","2024-05-26T20:36:28.347Z","bid"
"0.0667","6263.69","2024-05-26T20:36:28.347Z","bid"
"0.0666","557.07","2024-05-26T20:36:28.347Z","bid"
"0.0665","9032.46","2024-05-26T20:36:28.347Z","bid"
"0.0664","1753.46","2024-05-26T20:36:28.347Z","bid"
"0.0662","560.43","2024-05-26T20:36:28.347Z","bid"
"0.0661","60.42","2024-05-26T20:36:28.347Z","bid"
"0.066","37216.38","2024-05-26T20:36:28.347Z","bid"
"0.0659","411.85","2024-05-26T20:36:28.347Z","bid"
"0.0658","9569.06","2024-05-26T20:36:28.347Z","bid"
"0.0655","54819.88","2024-05-26T20:36:28.347Z","bid"
"0.0654","33.01","2024-05-26T20:36:28.347Z","bid"
"0.0653","568.16","2024-05-26T20:36:28.347Z","bid"
"0.0652","76.26","2024-05-26T20:36:28.347Z","bid"
"0.065","79833.13","2024-05-26T20:36:28.347Z","bid"
"0.0649","668.74","2024-05-26T20:36:28.347Z","bid"
"0.0646","500","2024-05-26T20:36:28.347Z","bid"
"0.0645","8307.76","2024-05-26T20:36:28.347Z","bid"
"0.0644","33.52","2024-05-26T20:36:28.347Z","bid"
"0.0643","422.1","2024-05-26T20:36:28.347Z","bid"
"0.0641","578.79","2024-05-26T20:36:28.347Z","bid"
"0.064","7876.96","2024-05-26T20:36:28.347Z","bid"
"0.0636","1364.79","2024-05-26T20:36:28.347Z","bid"
"0.0635","9420.47","2024-05-26T20:36:28.347Z","bid"
"0.0634","34.05","2024-05-26T20:36:28.347Z","bid"
"0.0632","587.04","2024-05-26T20:36:28.347Z","bid"
"0.063","8470.15","2024-05-26T20:36:28.347Z","bid"
"0.0628","590.78","2024-05-26T20:36:28.347Z","bid"
"0.0627","432.87","2024-05-26T20:36:28.347Z","bid"
"0.0625","16059.56","2024-05-26T20:36:28.347Z","bid"
"0.0624","629.16","2024-05-26T20:36:28.347Z","bid"
"0.062","8729.75","2024-05-26T20:36:28.347Z","bid"
"0.0618","72.76","2024-05-26T20:36:28.347Z","bid"
"0.0616","602.29","2024-05-26T20:36:28.347Z","bid"
"0.0615","8109.75","2024-05-26T20:36:28.347Z","bid"
"0.0614","35.16","2024-05-26T20:36:28.347Z","bid"
"0.0613","500.02","2024-05-26T20:36:28.347Z","bid"
"0.0612","1049.7","2024-05-26T20:36:28.347Z","bid"
"0.061","8176.22","2024-05-26T20:36:28.347Z","bid"
"0.0605","8220","2024-05-26T20:36:28.347Z","bid"
"0.0604","1145.74","2024-05-26T20:36:28.347Z","bid"
"0.0602","11074.2","2024-05-26T20:36:28.347Z","bid"
"0.06","5263.05","2024-05-26T20:36:28.347Z","bid"
"0.0599","500","2024-05-26T20:36:28.347Z","bid"
"0.0597","454.62","2024-05-26T20:36:28.347Z","bid"
"0.0596","401.49","2024-05-26T20:36:28.347Z","bid"
"0.0594","36.34","2024-05-26T20:36:28.347Z","bid"
"0.0589","21.23","2024-05-26T20:36:28.347Z","bid"
"0.0588","752.2","2024-05-26T20:36:28.347Z","bid"
"0.0586","849.82","2024-05-26T20:36:28.347Z","bid"
"0.0584","36.97","2024-05-26T20:36:28.347Z","bid"
"0.0582","466.34","2024-05-26T20:36:28.347Z","bid"
"0.0575","37.55","2024-05-26T20:36:28.347Z","bid"
"0.0568","477.84","2024-05-26T20:36:28.347Z","bid"
"0.0566","38.14","2024-05-26T20:36:28.347Z","bid"
"0.0557","38.76","2024-05-26T20:36:28.347Z","bid"
"0.0554","489.91","2024-05-26T20:36:28.347Z","bid"
"0.0548","39.4","2024-05-26T20:36:28.347Z","bid"
"0.0541","501.68","2024-05-26T20:36:28.347Z","bid"
"0.0539","40.05","2024-05-26T20:36:28.347Z","bid"
"0.053","40.73","2024-05-26T20:36:28.347Z","bid"
"0.0529","74.03","2024-05-26T20:36:28.347Z","bid"
"0.0527","515.01","2024-05-26T20:36:28.347Z","bid"
"0.0524","461.09","2024-05-26T20:36:28.347Z","bid"
"0.0521","41.44","2024-05-26T20:36:28.347Z","bid"
"0.0514","528.04","2024-05-26T20:36:28.347Z","bid"
"0.0513","42.08","2024-05-26T20:36:28.347Z","bid"
"0.0505","42.75","2024-05-26T20:36:28.347Z","bid"
"0.0502","540.66","2024-05-26T20:36:28.347Z","bid"
"0.05","5059.52","2024-05-26T20:36:28.347Z","bid"
"0.0497","43.44","2024-05-26T20:36:28.347Z","bid"
"0.0489","599.18","2024-05-26T20:36:28.347Z","bid"
"0.0481","44.88","2024-05-26T20:36:28.347Z","bid"
"0.0477","569","2024-05-26T20:36:28.347Z","bid"
"0.0473","45.64","2024-05-26T20:36:28.347Z","bid"
"0.0466","582.43","2024-05-26T20:36:28.347Z","bid"
"0.0465","46.43","2024-05-26T20:36:28.347Z","bid"
"0.0461","521.6","2024-05-26T20:36:28.347Z","bid"
"0.0457","47.24","2024-05-26T20:36:28.347Z","bid"
"0.0456","113.4","2024-05-26T20:36:28.347Z","bid"
"0.0454","597.82","2024-05-26T20:36:28.347Z","bid"
"0.045","47.98","2024-05-26T20:36:28.347Z","bid"
"0.0443","661.4","2024-05-26T20:36:28.347Z","bid"
"0.0436","49.52","2024-05-26T20:36:28.347Z","bid"
"0.0432","628.27","2024-05-26T20:36:28.347Z","bid"
"0.0429","124.36","2024-05-26T20:36:28.347Z","bid"
"0.0422","51.16","2024-05-26T20:36:28.347Z","bid"
"0.0421","644.68","2024-05-26T20:36:28.347Z","bid"
"0.0415","52.02","2024-05-26T20:36:28.347Z","bid"
"0.0411","3093.46","2024-05-26T20:36:28.347Z","bid"
"0.0408","52.92","2024-05-26T20:36:28.347Z","bid"
"0.0406","587.72","2024-05-26T20:36:28.347Z","bid"
"0.0401","730.68","2024-05-26T20:36:28.347Z","bid"
"0.04","99.2","2024-05-26T20:36:28.347Z","bid"
"0.0394","54.8","2024-05-26T20:36:28.347Z","bid"
"0.0391","694.15","2024-05-26T20:36:28.347Z","bid"
"0.0382","710.5","2024-05-26T20:36:28.347Z","bid"
"0.0372","729.6","2024-05-26T20:36:28.347Z","bid"
"0.0363","747.69","2024-05-26T20:36:28.347Z","bid"
"0.0357","676.13","2024-05-26T20:36:28.347Z","bid"
"0.0354","766.7","2024-05-26T20:36:28.347Z","bid"
"0.0345","786.7","2024-05-26T20:36:28.347Z","bid"
"0.0337","805.38","2024-05-26T20:36:28.347Z","bid"
"0.0329","824.96","2024-05-26T20:36:28.347Z","bid"
"0.0328","74.03","2024-05-26T20:36:28.347Z","bid"
"0.0321","845.52","2024-05-26T20:36:28.347Z","bid"
"0.0314","767.18","2024-05-26T20:36:28.347Z","bid"
"0.0313","867.13","2024-05-26T20:36:28.347Z","bid"
"0.0305","889.88","2024-05-26T20:36:28.347Z","bid"
"0.0298","910.78","2024-05-26T20:36:28.347Z","bid"
"0.0277","359.77","2024-05-26T20:36:28.347Z","bid"
"0.0268","50","2024-05-26T20:36:28.347Z","bid"
"0.0168","100","2024-05-26T20:36:28.347Z","bid"
"0.0123","100","2024-05-26T20:36:28.347Z","bid"
"0.0089","200","2024-05-26T20:36:28.347Z","bid"
"0.007","141.42","2024-05-26T20:36:28.347Z","bid"
"0.001","827482.22","2024-05-26T20:36:28.347Z","bid"
"0.0002","5000","2024-05-26T20:36:28.347Z","bid"
"0.0001","139860","2024-05-26T20:36:28.347Z","bid"
"0.2738","204.3","2024-05-26T20:36:28.346Z","ask"
"0.2749","74.03","2024-05-26T20:36:28.346Z","ask"
"0.275","250","2024-05-26T20:36:28.346Z","ask"
"0.2754","200","2024-05-26T20:36:28.346Z","ask"
"0.2755","192.81","2024-05-26T20:36:28.346Z","ask"
"0.276","20","2024-05-26T20:36:28.346Z","ask"
"0.2793","85.85","2024-05-26T20:36:28.346Z","ask"
"0.2795","100000","2024-05-26T20:36:28.346Z","ask"
"0.2799","91.13","2024-05-26T20:36:28.346Z","ask"
"0.28","8210.78","2024-05-26T20:36:28.346Z","ask"
"0.2827","15000","2024-05-26T20:36:28.346Z","ask"
"0.2838","910.47","2024-05-26T20:36:28.346Z","ask"
"0.284","285.59","2024-05-26T20:36:28.346Z","ask"
"0.285","357.57","2024-05-26T20:36:28.346Z","ask"
"0.2868","33.33","2024-05-26T20:36:28.346Z","ask"
"0.2885","2761.83","2024-05-26T20:36:28.346Z","ask"
"0.289","546.06","2024-05-26T20:36:28.346Z","ask"
"0.2895","100000","2024-05-26T20:36:28.346Z","ask"
"0.29","78469.07","2024-05-26T20:36:28.346Z","ask"
"0.291","105002.42","2024-05-26T20:36:28.346Z","ask"
"0.2944","200","2024-05-26T20:36:28.346Z","ask"
"0.2945","30","2024-05-26T20:36:28.346Z","ask"
"0.295","342.32","2024-05-26T20:36:28.346Z","ask"
"0.2951","74.03","2024-05-26T20:36:28.346Z","ask"
"0.2989","204.85","2024-05-26T20:36:28.346Z","ask"
"0.2995","100000","2024-05-26T20:36:28.346Z","ask"
"0.2997","75","2024-05-26T20:36:28.346Z","ask"
"0.2998","21719.48","2024-05-26T20:36:28.346Z","ask"
"0.3","32960.06","2024-05-26T20:36:28.346Z","ask"
"0.3052","74.03","2024-05-26T20:36:28.346Z","ask"
"0.31","1199.12","2024-05-26T20:36:28.346Z","ask"
"0.312","350","2024-05-26T20:36:28.346Z","ask"
"0.3125","684.04","2024-05-26T20:36:28.346Z","ask"
"0.3128","1330.12","2024-05-26T20:36:28.346Z","ask"
"0.315","637.46","2024-05-26T20:36:28.346Z","ask"
"0.3153","74.03","2024-05-26T20:36:28.346Z","ask"
"0.3193","112.73","2024-05-26T20:36:28.346Z","ask"
"0.32","588.11","2024-05-26T20:36:28.346Z","ask"
"0.3214","400","2024-05-26T20:36:28.346Z","ask"
"0.3254","74.03","2024-05-26T20:36:28.346Z","ask"
"0.3257","70000","2024-05-26T20:36:28.346Z","ask"
"0.3265","30","2024-05-26T20:36:28.346Z","ask"
"0.3295","74.03","2024-05-26T20:36:28.346Z","ask"
"0.33","25","2024-05-26T20:36:28.346Z","ask"
"0.333","439.22","2024-05-26T20:36:28.346Z","ask"
"0.3351","163.02","2024-05-26T20:36:28.346Z","ask"
"0.3373","1500","2024-05-26T20:36:28.346Z","ask"
"0.34","135","2024-05-26T20:36:28.346Z","ask"
"0.347","125","2024-05-26T20:36:28.346Z","ask"
"0.3489","43.73","2024-05-26T20:36:28.346Z","ask"
"0.3499","34.49","2024-05-26T20:36:28.346Z","ask"
"0.35","6730.02","2024-05-26T20:36:28.346Z","ask"
"0.3503","68.44","2024-05-26T20:36:28.346Z","ask"
"0.351","131.28","2024-05-26T20:36:28.346Z","ask"
"0.3588","14000","2024-05-26T20:36:28.346Z","ask"
"0.359","100000","2024-05-26T20:36:28.346Z","ask"
"0.36","15","2024-05-26T20:36:28.346Z","ask"
"0.3615","25","2024-05-26T20:36:28.346Z","ask"
"0.369","100000","2024-05-26T20:36:28.346Z","ask"
"0.3699","136.69","2024-05-26T20:36:28.346Z","ask"
"0.37","20016.65","2024-05-26T20:36:28.346Z","ask"
"0.38","13616.68","2024-05-26T20:36:28.346Z","ask"
"0.384","83.53","2024-05-26T20:36:28.346Z","ask"
"0.3844","200","2024-05-26T20:36:28.346Z","ask"
"0.386","1302.11","2024-05-26T20:36:28.346Z","ask"
"0.3906","234.04","2024-05-26T20:36:28.346Z","ask"
"0.3965","25","2024-05-26T20:36:28.346Z","ask"
"0.3989","122.85","2024-05-26T20:36:28.346Z","ask"
"0.399","100000","2024-05-26T20:36:28.346Z","ask"
"0.3997","50","2024-05-26T20:36:28.346Z","ask"
"0.3998","15000","2024-05-26T20:36:28.346Z","ask"
"0.4","38025.1","2024-05-26T20:36:28.346Z","ask"
"0.409","100000","2024-05-26T20:36:28.346Z","ask"
"0.42","439.64","2024-05-26T20:36:28.346Z","ask"
"0.4215","4500","2024-05-26T20:36:28.346Z","ask"
"0.43","46.51","2024-05-26T20:36:28.346Z","ask"
"0.431","250","2024-05-26T20:36:28.346Z","ask"
"0.4318","100","2024-05-26T20:36:28.346Z","ask"
"0.4333","1500","2024-05-26T20:36:28.346Z","ask"
"0.4365","20","2024-05-26T20:36:28.346Z","ask"
"0.44","16","2024-05-26T20:36:28.346Z","ask"
"0.4494","7.17","2024-05-26T20:36:28.346Z","ask"
"0.45","3808.41","2024-05-26T20:36:28.346Z","ask"
"0.4501","131.28","2024-05-26T20:36:28.346Z","ask"
"0.4567","14435.28","2024-05-26T20:36:28.346Z","ask"
"0.46","2474.25","2024-05-26T20:36:28.346Z","ask"
"0.4668","7850.05","2024-05-26T20:36:28.346Z","ask"
"0.4718","50.5","2024-05-26T20:36:28.346Z","ask"
"0.4725","120","2024-05-26T20:36:28.346Z","ask"
"0.48","403.07","2024-05-26T20:36:28.346Z","ask"
"0.4815","20","2024-05-26T20:36:28.346Z","ask"
"0.4828","112.73","2024-05-26T20:36:28.346Z","ask"
"0.4844","350","2024-05-26T20:36:28.346Z","ask"
"0.4894","7938.08","2024-05-26T20:36:28.346Z","ask"
"0.49","2044.41","2024-05-26T20:36:28.346Z","ask"
"0.4969","10101","2024-05-26T20:36:28.346Z","ask"
"0.5","24720.7","2024-05-26T20:36:28.346Z","ask"
"0.5028","4613.8","2024-05-26T20:36:28.346Z","ask"
"0.5065","10021.29","2024-05-26T20:36:28.346Z","ask"
"0.52","3531.01","2024-05-26T20:36:28.346Z","ask"
"0.5265","20","2024-05-26T20:36:28.346Z","ask"
"0.5311","1804.13","2024-05-26T20:36:28.346Z","ask"
"0.5396","1721.42","2024-05-26T20:36:28.346Z","ask"
"0.549","33.33","2024-05-26T20:36:28.346Z","ask"
"0.55","238","2024-05-26T20:36:28.346Z","ask"
"0.553","109.33","2024-05-26T20:36:28.346Z","ask"
"0.5699","22.2","2024-05-26T20:36:28.346Z","ask"
"0.5717","1671.85","2024-05-26T20:36:28.346Z","ask"
"0.5749","265.88","2024-05-26T20:36:28.346Z","ask"
"0.5765","15","2024-05-26T20:36:28.346Z","ask"
"0.58","4230.59","2024-05-26T20:36:28.346Z","ask"
"0.5811","18.93","2024-05-26T20:36:28.346Z","ask"
"0.582","692","2024-05-26T20:36:28.346Z","ask"
"0.5824","1642.73","2024-05-26T20:36:28.346Z","ask"
"0.5928","1614.26","2024-05-26T20:36:28.346Z","ask"
"0.5951","163.02","2024-05-26T20:36:28.346Z","ask"
"0.6","26006.45","2024-05-26T20:36:28.346Z","ask"
"0.6032","1586.42","2024-05-26T20:36:28.346Z","ask"
"0.6145","1500","2024-05-26T20:36:28.346Z","ask"
"0.62","143.15","2024-05-26T20:36:28.346Z","ask"
"0.624","175","2024-05-26T20:36:28.346Z","ask"
"0.6285","15","2024-05-26T20:36:28.346Z","ask"
"0.64","111.28","2024-05-26T20:36:28.346Z","ask"
"0.6463","112.73","2024-05-26T20:36:28.346Z","ask"
"0.649","1087.49","2024-05-26T20:36:28.346Z","ask"
"0.65","79.89","2024-05-26T20:36:28.346Z","ask"
"0.651","117.01","2024-05-26T20:36:28.346Z","ask"
"0.67","32500","2024-05-26T20:36:28.346Z","ask"
"0.675","17","2024-05-26T20:36:28.346Z","ask"
"0.68","241.34","2024-05-26T20:36:28.346Z","ask"
"0.6846","547","2024-05-26T20:36:28.346Z","ask"
"0.685","25.04","2024-05-26T20:36:28.346Z","ask"
"0.69","88742.67","2024-05-26T20:36:28.346Z","ask"
"0.697","150","2024-05-26T20:36:28.346Z","ask"
"0.7","24587.29","2024-05-26T20:36:28.346Z","ask"
"0.71","33.83","2024-05-26T20:36:28.346Z","ask"
"0.7298","100","2024-05-26T20:36:28.346Z","ask"
"0.73","249.98","2024-05-26T20:36:28.346Z","ask"
"0.75","6519.41","2024-05-26T20:36:28.346Z","ask"
"0.775","260","2024-05-26T20:36:28.346Z","ask"
"0.8","421.67","2024-05-26T20:36:28.346Z","ask"
"0.8098","112.73","2024-05-26T20:36:28.346Z","ask"
"0.825","17","2024-05-26T20:36:28.346Z","ask"
"0.836","178.23","2024-05-26T20:36:28.346Z","ask"
"0.8376","573909.09","2024-05-26T20:36:28.346Z","ask"
"0.85","4071.3","2024-05-26T20:36:28.346Z","ask"
"0.88","25","2024-05-26T20:36:28.346Z","ask"
"0.89","1659.85","2024-05-26T20:36:28.346Z","ask"
"0.897","150","2024-05-26T20:36:28.346Z","ask"
"0.9","6928.04","2024-05-26T20:36:28.346Z","ask"
"0.912","50","2024-05-26T20:36:28.346Z","ask"
"0.95","11084.49","2024-05-26T20:36:28.346Z","ask"
"0.97","85.31","2024-05-26T20:36:28.346Z","ask"
"0.9701","70000","2024-05-26T20:36:28.346Z","ask"
"0.9734","112.73","2024-05-26T20:36:28.346Z","ask"
"0.9765","2464.17","2024-05-26T20:36:28.346Z","ask"
"0.99","6607.01","2024-05-26T20:36:28.346Z","ask"
"0.9989","34.17","2024-05-26T20:36:28.346Z","ask"
"0.9995","8.34","2024-05-26T20:36:28.346Z","ask"
"1","397737.38","2024-05-26T20:36:28.346Z","ask"
"1.05","377.86","2024-05-26T20:36:28.346Z","ask"
"1.1","15","2024-05-26T20:36:28.346Z","ask"
"1.1369","112.73","2024-05-26T20:36:28.346Z","ask"
"1.2","243.16","2024-05-26T20:36:28.346Z","ask"
"1.22","675.67","2024-05-26T20:36:28.346Z","ask"
"1.25","98049","2024-05-26T20:36:28.346Z","ask"
"1.3004","112.73","2024-05-26T20:36:28.346Z","ask"
"1.4","1780.42","2024-05-26T20:36:28.346Z","ask"
"1.4639","112.73","2024-05-26T20:36:28.346Z","ask"
"1.48","20","2024-05-26T20:36:28.346Z","ask"
"1.4883","68.68","2024-05-26T20:36:28.346Z","ask"
"1.5","3026.57","2024-05-26T20:36:28.346Z","ask"
"1.51","109.36","2024-05-26T20:36:28.346Z","ask"
"1.55","67.03","2024-05-26T20:36:28.346Z","ask"
"1.6","955.79","2024-05-26T20:36:28.346Z","ask"
"1.6275","112.82","2024-05-26T20:36:28.346Z","ask"
"1.641","926.8","2024-05-26T20:36:28.346Z","ask"
"1.642","926.8","2024-05-26T20:36:28.346Z","ask"
"1.65","1808.01","2024-05-26T20:36:28.346Z","ask"
"1.6563","98.39","2024-05-26T20:36:28.346Z","ask"
"1.66","2401.59","2024-05-26T20:36:28.346Z","ask"
"1.75","1277.18","2024-05-26T20:36:28.346Z","ask"
"1.78","2340.58","2024-05-26T20:36:28.346Z","ask"
"1.8","10142.54","2024-05-26T20:36:28.346Z","ask"
"1.9","88.55","2024-05-26T20:36:28.346Z","ask"
"2","316905.52","2024-05-26T20:36:28.346Z","ask"
"2.03","1000.75","2024-05-26T20:36:28.346Z","ask"
"2.15","12814","2024-05-26T20:36:28.346Z","ask"
"2.23","1014.45","2024-05-26T20:36:28.346Z","ask"
"2.3","137.65","2024-05-26T20:36:28.346Z","ask"
"2.39","33.27","2024-05-26T20:36:28.346Z","ask"
"2.5","45808.46","2024-05-26T20:36:28.346Z","ask"
"2.6","50","2024-05-26T20:36:28.346Z","ask"
"2.68","7024.08","2024-05-26T20:36:28.346Z","ask"
"2.8","430.41","2024-05-26T20:36:28.346Z","ask"
"2.9","100","2024-05-26T20:36:28.346Z","ask"
"3","466.61","2024-05-26T20:36:28.346Z","ask"
"3.7249","41.76","2024-05-26T20:36:28.346Z","ask"
"3.923","79915.41","2024-05-26T20:36:28.346Z","ask"
"4","403.53","2024-05-26T20:36:28.346Z","ask"
"5","5817.73","2024-05-26T20:36:28.346Z","ask"
"5.5","18.93","2024-05-26T20:36:28.346Z","ask"
"5.63","2631.4","2024-05-26T20:36:28.346Z","ask"
"6","595.62","2024-05-26T20:36:28.346Z","ask"
"7","598.23","2024-05-26T20:36:28.346Z","ask"
"8","2083.26","2024-05-26T20:36:28.346Z","ask"
"8.58","3.29","2024-05-26T20:36:28.346Z","ask"
"9","9","2024-05-26T20:36:28.346Z","ask"
"10","4850.47","2024-05-26T20:36:28.346Z","ask"
"11","83.52","2024-05-26T20:36:28.346Z","ask"
"11.01","1374.93","2024-05-26T20:36:28.346Z","ask"
"15","108.24","2024-05-26T20:36:28.346Z","ask"
"25","20","2024-05-26T20:36:28.346Z","ask"
"30","9.33","2024-05-26T20:36:28.346Z","ask"
"50","790.62","2024-05-26T20:36:28.346Z","ask"
"100","135.4","2024-05-26T20:36:28.346Z","ask"
"123","127130.09","2024-05-26T20:36:28.346Z","ask"
"300","68.13","2024-05-26T20:36:28.346Z","ask"
"1234","1","2024-05-26T20:36:28.346Z","ask"
"140000","0.01","2024-05-26T20:36:28.346Z","ask"
"0.0755","464.03","2024-05-26T20:36:28.346Z","bid"
"0.0754","799.83","2024-05-26T20:36:28.346Z","bid"
"0.0753","723.53","2024-05-26T20:36:28.346Z","bid"
"0.0752","139.9","2024-05-26T20:36:28.346Z","bid"
"0.0751","4045.67","2024-05-26T20:36:28.346Z","bid"
"0.075","1393.21","2024-05-26T20:36:28.346Z","bid"
"0.0749","575.8","2024-05-26T20:36:28.346Z","bid"
"0.0748","60","2024-05-26T20:36:28.346Z","bid"
"0.0747","9563.57","2024-05-26T20:36:28.346Z","bid"
"0.0746","557.33","2024-05-26T20:36:28.346Z","bid"
"0.0745","5101.97","2024-05-26T20:36:28.346Z","bid"
"0.0744","16886","2024-05-26T20:36:28.346Z","bid"
"0.0743","143654.7","2024-05-26T20:36:28.346Z","bid"
"0.0742","86674.34","2024-05-26T20:36:28.346Z","bid"
"0.0741","30659.41","2024-05-26T20:36:28.346Z","bid"
"0.074","2218.65","2024-05-26T20:36:28.346Z","bid"
"0.0739","10514.91","2024-05-26T20:36:28.346Z","bid"
"0.0738","2811.6","2024-05-26T20:36:28.346Z","bid"
"0.0737","12015.85","2024-05-26T20:36:28.346Z","bid"
"0.0736","124835.32","2024-05-26T20:36:28.346Z","bid"
"0.0735","107888.92","2024-05-26T20:36:28.346Z","bid"
"0.0734","4175.1","2024-05-26T20:36:28.346Z","bid"
"0.0733","4462.89","2024-05-26T20:36:28.346Z","bid"
"0.0732","2434.5","2024-05-26T20:36:28.346Z","bid"
"0.0731","1282.12","2024-05-26T20:36:28.346Z","bid"
"0.073","7868.38","2024-05-26T20:36:28.346Z","bid"
"0.0729","7588.66","2024-05-26T20:36:28.346Z","bid"
"0.0728","2397.88","2024-05-26T20:36:28.346Z","bid"
"0.0727","56990.56","2024-05-26T20:36:28.346Z","bid"
"0.0726","19023.74","2024-05-26T20:36:28.346Z","bid"
"0.0725","8005.92","2024-05-26T20:36:28.346Z","bid"
"0.0724","1375.69","2024-05-26T20:36:28.346Z","bid"
"0.0723","22836.43","2024-05-26T20:36:28.346Z","bid"
"0.0722","4782.33","2024-05-26T20:36:28.346Z","bid"
"0.0721","3326.9","2024-05-26T20:36:28.346Z","bid"
"0.072","50168.86","2024-05-26T20:36:28.346Z","bid"
"0.0719","1058.18","2024-05-26T20:36:28.346Z","bid"
"0.0718","5114.48","2024-05-26T20:36:28.346Z","bid"
"0.0717","1219.55","2024-05-26T20:36:28.346Z","bid"
"0.0716","1792.35","2024-05-26T20:36:28.346Z","bid"
"0.0715","212031.83","2024-05-26T20:36:28.346Z","bid"
"0.0714","5685.98","2024-05-26T20:36:28.346Z","bid"
"0.0713","15975.5","2024-05-26T20:36:28.346Z","bid"
"0.0712","1755.82","2024-05-26T20:36:28.346Z","bid"
"0.0711","4592.7","2024-05-26T20:36:28.346Z","bid"
"0.071","29277.87","2024-05-26T20:36:28.346Z","bid"
"0.0709","2131.76","2024-05-26T20:36:28.346Z","bid"
"0.0708","1611.94","2024-05-26T20:36:28.346Z","bid"
"0.0707","10476.72","2024-05-26T20:36:28.346Z","bid"
"0.0706","1565.65","2024-05-26T20:36:28.346Z","bid"
"0.0705","19940.18","2024-05-26T20:36:28.346Z","bid"
"0.0704","2504.07","2024-05-26T20:36:28.346Z","bid"
"0.0703","23038.66","2024-05-26T20:36:28.346Z","bid"
"0.134","1096.12","2024-05-26T20:36:28.345Z","ask"
"0.1342","1436","2024-05-26T20:36:28.345Z","ask"
"0.1344","3319.75","2024-05-26T20:36:28.345Z","ask"
"0.1347","2438.71","2024-05-26T20:36:28.345Z","ask"
"0.1349","16.36","2024-05-26T20:36:28.345Z","ask"
"0.135","2516.69","2024-05-26T20:36:28.345Z","ask"
"0.136","144.74","2024-05-26T20:36:28.345Z","ask"
"0.1364","3269.98","2024-05-26T20:36:28.345Z","ask"
"0.1365","31717.96","2024-05-26T20:36:28.345Z","ask"
"0.1366","205.15","2024-05-26T20:36:28.345Z","ask"
"0.1369","66500","2024-05-26T20:36:28.345Z","ask"
"0.137","52794.92","2024-05-26T20:36:28.345Z","ask"
"0.1371","16.11","2024-05-26T20:36:28.345Z","ask"
"0.1377","260","2024-05-26T20:36:28.345Z","ask"
"0.1379","6611.04","2024-05-26T20:36:28.345Z","ask"
"0.138","10026.27","2024-05-26T20:36:28.345Z","ask"
"0.1381","1396","2024-05-26T20:36:28.345Z","ask"
"0.1385","1200","2024-05-26T20:36:28.345Z","ask"
"0.1386","3219.3","2024-05-26T20:36:28.345Z","ask"
"0.1388","200","2024-05-26T20:36:28.345Z","ask"
"0.139","8363.79","2024-05-26T20:36:28.345Z","ask"
"0.1392","15.86","2024-05-26T20:36:28.345Z","ask"
"0.1394","2502.67","2024-05-26T20:36:28.345Z","ask"
"0.1397","124.15","2024-05-26T20:36:28.345Z","ask"
"0.1398","2728.28","2024-05-26T20:36:28.345Z","ask"
"0.1399","339994.53","2024-05-26T20:36:28.345Z","ask"
"0.14","1990365.59","2024-05-26T20:36:28.345Z","ask"
"0.1407","3170.17","2024-05-26T20:36:28.345Z","ask"
"0.141","10479.6","2024-05-26T20:36:28.345Z","ask"
"0.1411","5000","2024-05-26T20:36:28.345Z","ask"
"0.1413","15229.45","2024-05-26T20:36:28.345Z","ask"
"0.1414","15.62","2024-05-26T20:36:28.345Z","ask"
"0.1417","2315.56","2024-05-26T20:36:28.345Z","ask"
"0.142","1357","2024-05-26T20:36:28.345Z","ask"
"0.1425","60","2024-05-26T20:36:28.345Z","ask"
"0.1427","250","2024-05-26T20:36:28.345Z","ask"
"0.1429","3122.51","2024-05-26T20:36:28.345Z","ask"
"0.143","5374.5","2024-05-26T20:36:28.345Z","ask"
"0.1435","195.26","2024-05-26T20:36:28.345Z","ask"
"0.1436","89.4","2024-05-26T20:36:28.345Z","ask"
"0.1437","500","2024-05-26T20:36:28.345Z","ask"
"0.1444","337.61","2024-05-26T20:36:28.345Z","ask"
"0.1447","1390.78","2024-05-26T20:36:28.345Z","ask"
"0.1449","27971.62","2024-05-26T20:36:28.345Z","ask"
"0.145","110153.22","2024-05-26T20:36:28.345Z","ask"
"0.1451","3074.1","2024-05-26T20:36:28.345Z","ask"
"0.1458","1000","2024-05-26T20:36:28.345Z","ask"
"0.1459","1336.14","2024-05-26T20:36:28.345Z","ask"
"0.146","1301.27","2024-05-26T20:36:28.345Z","ask"
"0.1466","29825.97","2024-05-26T20:36:28.345Z","ask"
"0.1472","190.46","2024-05-26T20:36:28.345Z","ask"
"0.1474","191624.91","2024-05-26T20:36:28.345Z","ask"
"0.1477","240","2024-05-26T20:36:28.345Z","ask"
"0.148","52477.61","2024-05-26T20:36:28.345Z","ask"
"0.1481","14.91","2024-05-26T20:36:28.345Z","ask"
"0.1488","6647.43","2024-05-26T20:36:28.345Z","ask"
"0.1489","6563.6","2024-05-26T20:36:28.345Z","ask"
"0.149","36479.37","2024-05-26T20:36:28.345Z","ask"
"0.1494","2321.21","2024-05-26T20:36:28.345Z","ask"
"0.1495","37720.32","2024-05-26T20:36:28.345Z","ask"
"0.1496","2981.65","2024-05-26T20:36:28.345Z","ask"
"0.1498","1287","2024-05-26T20:36:28.345Z","ask"
"0.1499","9981.95","2024-05-26T20:36:28.345Z","ask"
"0.15","394565.83","2024-05-26T20:36:28.345Z","ask"
"0.1505","14.67","2024-05-26T20:36:28.345Z","ask"
"0.1509","185.77","2024-05-26T20:36:28.345Z","ask"
"0.1511","189872.27","2024-05-26T20:36:28.345Z","ask"
"0.1515","14.56","2024-05-26T20:36:28.345Z","ask"
"0.1517","12.69","2024-05-26T20:36:28.345Z","ask"
"0.1518","1312.72","2024-05-26T20:36:28.345Z","ask"
"0.1519","12.69","2024-05-26T20:36:28.345Z","ask"
"0.152","482154.65","2024-05-26T20:36:28.345Z","ask"
"0.1522","43.68","2024-05-26T20:36:28.345Z","ask"
"0.1523","20.93","2024-05-26T20:36:28.345Z","ask"
"0.1524","27.04","2024-05-26T20:36:28.345Z","ask"
"0.1527","15.67","2024-05-26T20:36:28.345Z","ask"
"0.1528","14.45","2024-05-26T20:36:28.345Z","ask"
"0.1529","3124.93","2024-05-26T20:36:28.345Z","ask"
"0.153","98.03","2024-05-26T20:36:28.345Z","ask"
"0.1531","6.22","2024-05-26T20:36:28.345Z","ask"
"0.1532","6.18","2024-05-26T20:36:28.345Z","ask"
"0.1535","14.56","2024-05-26T20:36:28.345Z","ask"
"0.1536","18.41","2024-05-26T20:36:28.345Z","ask"
"0.1537","1883.05","2024-05-26T20:36:28.345Z","ask"
"0.1538","6.21","2024-05-26T20:36:28.345Z","ask"
"0.1539","29.12","2024-05-26T20:36:28.345Z","ask"
"0.154","597.35","2024-05-26T20:36:28.345Z","ask"
"0.1542","6.06","2024-05-26T20:36:28.345Z","ask"
"0.1543","2896.81","2024-05-26T20:36:28.345Z","ask"
"0.1546","26.73","2024-05-26T20:36:28.345Z","ask"
"0.1547","2181.18","2024-05-26T20:36:28.345Z","ask"
"0.1548","6.03","2024-05-26T20:36:28.345Z","ask"
"0.1549","500","2024-05-26T20:36:28.345Z","ask"
"0.155","21690.93","2024-05-26T20:36:28.345Z","ask"
"0.1552","14.23","2024-05-26T20:36:28.345Z","ask"
"0.1553","35.56","2024-05-26T20:36:28.345Z","ask"
"0.1563","35.56","2024-05-26T20:36:28.345Z","ask"
"0.1566","127.83","2024-05-26T20:36:28.345Z","ask"
"0.1567","3842.47","2024-05-26T20:36:28.345Z","ask"
"0.1569","63.55","2024-05-26T20:36:28.345Z","ask"
"0.157","2096.53","2024-05-26T20:36:28.345Z","ask"
"0.1575","2140.56","2024-05-26T20:36:28.345Z","ask"
"0.1576","14","2024-05-26T20:36:28.345Z","ask"
"0.158","126406.29","2024-05-26T20:36:28.345Z","ask"
"0.1582","142.18","2024-05-26T20:36:28.345Z","ask"
"0.1584","190.4","2024-05-26T20:36:28.345Z","ask"
"0.1585","1351.6","2024-05-26T20:36:28.345Z","ask"
"0.1586","176.7","2024-05-26T20:36:28.345Z","ask"
"0.1589","138.8","2024-05-26T20:36:28.345Z","ask"
"0.159","12736.55","2024-05-26T20:36:28.345Z","ask"
"0.1591","2803.44","2024-05-26T20:36:28.345Z","ask"
"0.1593","25415.69","2024-05-26T20:36:28.345Z","ask"
"0.1597","2166.95","2024-05-26T20:36:28.345Z","ask"
"0.1598","6273.47","2024-05-26T20:36:28.345Z","ask"
"0.16","328160.77","2024-05-26T20:36:28.345Z","ask"
"0.1601","13.79","2024-05-26T20:36:28.345Z","ask"
"0.1604","12.54","2024-05-26T20:36:28.345Z","ask"
"0.1606","30","2024-05-26T20:36:28.345Z","ask"
"0.1607","312","2024-05-26T20:36:28.345Z","ask"
"0.161","47843.85","2024-05-26T20:36:28.345Z","ask"
"0.1615","93675.75","2024-05-26T20:36:28.345Z","ask"
"0.1616","2760.86","2024-05-26T20:36:28.345Z","ask"
"0.1617","127.83","2024-05-26T20:36:28.345Z","ask"
"0.1618","474.97","2024-05-26T20:36:28.345Z","ask"
"0.1625","172.43","2024-05-26T20:36:28.345Z","ask"
"0.1637","4229.79","2024-05-26T20:36:28.345Z","ask"
"0.1638","74.03","2024-05-26T20:36:28.345Z","ask"
"0.164","4382.72","2024-05-26T20:36:28.345Z","ask"
"0.1643","170.32","2024-05-26T20:36:28.345Z","ask"
"0.1644","127.83","2024-05-26T20:36:28.345Z","ask"
"0.1645","2000","2024-05-26T20:36:28.345Z","ask"
"0.1649","750","2024-05-26T20:36:28.345Z","ask"
"0.165","3761.21","2024-05-26T20:36:28.345Z","ask"
"0.1657","145788.7","2024-05-26T20:36:28.345Z","ask"
"0.1658","1505.46","2024-05-26T20:36:28.345Z","ask"
"0.166","179769.07","2024-05-26T20:36:28.345Z","ask"
"0.1664","11891.3","2024-05-26T20:36:28.345Z","ask"
"0.1666","2677.81","2024-05-26T20:36:28.345Z","ask"
"0.1667","168.16","2024-05-26T20:36:28.345Z","ask"
"0.167","461.06","2024-05-26T20:36:28.345Z","ask"
"0.1671","2500","2024-05-26T20:36:28.345Z","ask"
"0.1675","77916.02","2024-05-26T20:36:28.345Z","ask"
"0.1681","127.83","2024-05-26T20:36:28.345Z","ask"
"0.1684","597.1","2024-05-26T20:36:28.345Z","ask"
"0.1685","15","2024-05-26T20:36:28.345Z","ask"
"0.1689","1981","2024-05-26T20:36:28.345Z","ask"
"0.169","2575.33","2024-05-26T20:36:28.345Z","ask"
"0.1692","2637.33","2024-05-26T20:36:28.345Z","ask"
"0.1698","5904.01","2024-05-26T20:36:28.345Z","ask"
"0.1699","204.89","2024-05-26T20:36:28.345Z","ask"
"0.17","186880.89","2024-05-26T20:36:28.345Z","ask"
"0.1708","164.09","2024-05-26T20:36:28.345Z","ask"
"0.1711","10000","2024-05-26T20:36:28.345Z","ask"
"0.1713","392.63","2024-05-26T20:36:28.345Z","ask"
"0.1718","2596.52","2024-05-26T20:36:28.345Z","ask"
"0.1723","750","2024-05-26T20:36:28.345Z","ask"
"0.1724","8542.54","2024-05-26T20:36:28.345Z","ask"
"0.1726","16313.13","2024-05-26T20:36:28.345Z","ask"
"0.173","1000","2024-05-26T20:36:28.345Z","ask"
"0.1735","265.87","2024-05-26T20:36:28.345Z","ask"
"0.1737","500","2024-05-26T20:36:28.345Z","ask"
"0.1739","74.03","2024-05-26T20:36:28.345Z","ask"
"0.1742","4862.09","2024-05-26T20:36:28.345Z","ask"
"0.1745","50","2024-05-26T20:36:28.345Z","ask"
"0.175","6331.17","2024-05-26T20:36:28.345Z","ask"
"0.1755","340492.57","2024-05-26T20:36:28.345Z","ask"
"0.176","2781.82","2024-05-26T20:36:28.345Z","ask"
"0.1766","29458.75","2024-05-26T20:36:28.345Z","ask"
"0.1772","127.83","2024-05-26T20:36:28.345Z","ask"
"0.1773","1936.06","2024-05-26T20:36:28.345Z","ask"
"0.1775","135.07","2024-05-26T20:36:28.345Z","ask"
"0.1785","3031","2024-05-26T20:36:28.345Z","ask"
"0.1786","529.69","2024-05-26T20:36:28.345Z","ask"
"0.179","2163.85","2024-05-26T20:36:28.345Z","ask"
"0.1792","18.81","2024-05-26T20:36:28.345Z","ask"
"0.1798","51.83","2024-05-26T20:36:28.345Z","ask"
"0.18","133791.62","2024-05-26T20:36:28.345Z","ask"
"0.181","285.59","2024-05-26T20:36:28.345Z","ask"
"0.182","412.43","2024-05-26T20:36:28.345Z","ask"
"0.1837","500","2024-05-26T20:36:28.345Z","ask"
"0.184","74.03","2024-05-26T20:36:28.345Z","ask"
"0.1843","201","2024-05-26T20:36:28.345Z","ask"
"0.1849","127.67","2024-05-26T20:36:28.345Z","ask"
"0.185","755.47","2024-05-26T20:36:28.345Z","ask"
"0.1866","13145.63","2024-05-26T20:36:28.345Z","ask"
"0.187","219723.22","2024-05-26T20:36:28.345Z","ask"
"0.189","2500","2024-05-26T20:36:28.345Z","ask"
"0.1893","25415.69","2024-05-26T20:36:28.345Z","ask"
"0.1898","69.11","2024-05-26T20:36:28.345Z","ask"
"0.19","11752.2","2024-05-26T20:36:28.345Z","ask"
"0.191","787.87","2024-05-26T20:36:28.345Z","ask"
"0.1911","26182.63","2024-05-26T20:36:28.345Z","ask"
"0.1914","255.66","2024-05-26T20:36:28.345Z","ask"
"0.1928","2681.99","2024-05-26T20:36:28.345Z","ask"
"0.1935","50","2024-05-26T20:36:28.345Z","ask"
"0.1937","500","2024-05-26T20:36:28.345Z","ask"
"0.194","10954.04","2024-05-26T20:36:28.345Z","ask"
"0.1941","74.03","2024-05-26T20:36:28.345Z","ask"
"0.1944","200","2024-05-26T20:36:28.345Z","ask"
"0.195","9798.65","2024-05-26T20:36:28.345Z","ask"
"0.1956","144.61","2024-05-26T20:36:28.345Z","ask"
"0.196","277.78","2024-05-26T20:36:28.345Z","ask"
"0.1969","500","2024-05-26T20:36:28.345Z","ask"
"0.197","500","2024-05-26T20:36:28.345Z","ask"
"0.1973","7169.37","2024-05-26T20:36:28.345Z","ask"
"0.1977","336.28","2024-05-26T20:36:28.345Z","ask"
"0.198","44.72","2024-05-26T20:36:28.345Z","ask"
"0.1987","63","2024-05-26T20:36:28.345Z","ask"
"0.1988","120.73","2024-05-26T20:36:28.345Z","ask"
"0.1989","150.99","2024-05-26T20:36:28.345Z","ask"
"0.199","1422.43","2024-05-26T20:36:28.345Z","ask"
"0.1992","14.6","2024-05-26T20:36:28.345Z","ask"
"0.1998","42223.16","2024-05-26T20:36:28.345Z","ask"
"0.1999","2095.73","2024-05-26T20:36:28.345Z","ask"
"0.2","106906.84","2024-05-26T20:36:28.345Z","ask"
"0.2011","20984.42","2024-05-26T20:36:28.345Z","ask"
"0.2022","500","2024-05-26T20:36:28.345Z","ask"
"0.2028","10000","2024-05-26T20:36:28.345Z","ask"
"0.204","1921.87","2024-05-26T20:36:28.345Z","ask"
"0.2042","74.03","2024-05-26T20:36:28.345Z","ask"
"0.2048","5056.6","2024-05-26T20:36:28.345Z","ask"
"0.205","3250.02","2024-05-26T20:36:28.345Z","ask"
"0.206","97.93","2024-05-26T20:36:28.345Z","ask"
"0.2098","38.87","2024-05-26T20:36:28.345Z","ask"
"0.21","282721.18","2024-05-26T20:36:28.345Z","ask"
"0.2123","1857.94","2024-05-26T20:36:28.345Z","ask"
"0.2127","434.27","2024-05-26T20:36:28.345Z","ask"
"0.2142","3394.82","2024-05-26T20:36:28.345Z","ask"
"0.2143","74.03","2024-05-26T20:36:28.345Z","ask"
"0.2145","45","2024-05-26T20:36:28.345Z","ask"
"0.2147","6544.02","2024-05-26T20:36:28.345Z","ask"
"0.218","6000","2024-05-26T20:36:28.345Z","ask"
"0.2198","29.15","2024-05-26T20:36:28.345Z","ask"
"0.22","27132.91","2024-05-26T20:36:28.345Z","ask"
"0.222","53551.23","2024-05-26T20:36:28.345Z","ask"
"0.2227","107.96","2024-05-26T20:36:28.345Z","ask"
"0.2244","74.03","2024-05-26T20:36:28.345Z","ask"
"0.2245","2239.43","2024-05-26T20:36:28.345Z","ask"
"0.2286","86.27","2024-05-26T20:36:28.345Z","ask"
"0.2298","43.73","2024-05-26T20:36:28.345Z","ask"
"0.23","404.09","2024-05-26T20:36:28.345Z","ask"
"0.2334","8588.96","2024-05-26T20:36:28.345Z","ask"
"0.234","4295.08","2024-05-26T20:36:28.345Z","ask"
"0.2345","74.03","2024-05-26T20:36:28.345Z","ask"
"0.2347","600","2024-05-26T20:36:28.345Z","ask"
"0.2349","41.06","2024-05-26T20:36:28.345Z","ask"
"0.2385","40","2024-05-26T20:36:28.345Z","ask"
"0.2399","46.11","2024-05-26T20:36:28.345Z","ask"
"0.24","42556.59","2024-05-26T20:36:28.345Z","ask"
"0.244","97.99","2024-05-26T20:36:28.345Z","ask"
"0.2444","200","2024-05-26T20:36:28.345Z","ask"
"0.2446","74.03","2024-05-26T20:36:28.345Z","ask"
"0.245","15","2024-05-26T20:36:28.345Z","ask"
"0.2462","442.56","2024-05-26T20:36:28.345Z","ask"
"0.2489","93.46","2024-05-26T20:36:28.345Z","ask"
"0.249","4177.25","2024-05-26T20:36:28.345Z","ask"
"0.2494","96.15","2024-05-26T20:36:28.345Z","ask"
"0.2498","16052.85","2024-05-26T20:36:28.345Z","ask"
"0.25","60730.21","2024-05-26T20:36:28.345Z","ask"
"0.2529","350","2024-05-26T20:36:28.345Z","ask"
"0.2547","74.03","2024-05-26T20:36:28.345Z","ask"
"0.26","499531.74","2024-05-26T20:36:28.345Z","ask"
"0.2604","351.06","2024-05-26T20:36:28.345Z","ask"
"0.263","125","2024-05-26T20:36:28.345Z","ask"
"0.2648","74.03","2024-05-26T20:36:28.345Z","ask"
"0.2655","35","2024-05-26T20:36:28.345Z","ask"
"0.27","451681.85","2024-05-26T20:36:28.345Z","ask"
"0.2702","157.53","2024-05-26T20:36:28.345Z","ask"
"0.273","203.97","2024-05-26T20:36:28.345Z","ask"
"0.2736","7584.88","2024-05-26T20:36:28.345Z","ask"
"0.0883","431.18","2024-05-26T20:36:28.344Z","ask"
"0.0884","85.88","2024-05-26T20:36:28.344Z","ask"
"0.0885","857.84","2024-05-26T20:36:28.344Z","ask"
"0.0886","60","2024-05-26T20:36:28.344Z","ask"
"0.0887","26406.36","2024-05-26T20:36:28.344Z","ask"
"0.0888","131.77","2024-05-26T20:36:28.344Z","ask"
"0.0889","8810.19","2024-05-26T20:36:28.344Z","ask"
"0.089","283916.19","2024-05-26T20:36:28.344Z","ask"
"0.0891","482.97","2024-05-26T20:36:28.344Z","ask"
"0.0892","427.39","2024-05-26T20:36:28.344Z","ask"
"0.0893","429.49","2024-05-26T20:36:28.344Z","ask"
"0.0894","60.89","2024-05-26T20:36:28.344Z","ask"
"0.0895","5373.04","2024-05-26T20:36:28.344Z","ask"
"0.0896","392070.91","2024-05-26T20:36:28.344Z","ask"
"0.0897","11596.28","2024-05-26T20:36:28.344Z","ask"
"0.0898","10426.52","2024-05-26T20:36:28.344Z","ask"
"0.0899","91.08","2024-05-26T20:36:28.344Z","ask"
"0.09","3637.63","2024-05-26T20:36:28.344Z","ask"
"0.0901","423.67","2024-05-26T20:36:28.344Z","ask"
"0.0902","424.88","2024-05-26T20:36:28.344Z","ask"
"0.0903","882.44","2024-05-26T20:36:28.344Z","ask"
"0.0904","476.39","2024-05-26T20:36:28.344Z","ask"
"0.0905","5552.07","2024-05-26T20:36:28.344Z","ask"
"0.0906","60","2024-05-26T20:36:28.344Z","ask"
"0.0907","422.84","2024-05-26T20:36:28.344Z","ask"
"0.0908","65.57","2024-05-26T20:36:28.344Z","ask"
"0.0909","420.43","2024-05-26T20:36:28.344Z","ask"
"0.091","997.87","2024-05-26T20:36:28.344Z","ask"
"0.0911","5317.03","2024-05-26T20:36:28.344Z","ask"
"0.0912","1253.84","2024-05-26T20:36:28.344Z","ask"
"0.0913","12096.14","2024-05-26T20:36:28.344Z","ask"
"0.0914","418.44","2024-05-26T20:36:28.344Z","ask"
"0.0915","2257","2024-05-26T20:36:28.344Z","ask"
"0.0916","10830.09","2024-05-26T20:36:28.344Z","ask"
"0.0917","60","2024-05-26T20:36:28.344Z","ask"
"0.0918","722.16","2024-05-26T20:36:28.344Z","ask"
"0.0919","60","2024-05-26T20:36:28.344Z","ask"
"0.092","417.65","2024-05-26T20:36:28.344Z","ask"
"0.0921","120478.14","2024-05-26T20:36:28.344Z","ask"
"0.0922","5252.15","2024-05-26T20:36:28.344Z","ask"
"0.0923","414.9","2024-05-26T20:36:28.344Z","ask"
"0.0924","10083.88","2024-05-26T20:36:28.344Z","ask"
"0.0925","5295.76","2024-05-26T20:36:28.344Z","ask"
"0.0927","380","2024-05-26T20:36:28.344Z","ask"
"0.0928","1793.63","2024-05-26T20:36:28.344Z","ask"
"0.0929","2209.59","2024-05-26T20:36:28.344Z","ask"
"0.093","27616.07","2024-05-26T20:36:28.344Z","ask"
"0.0931","74.03","2024-05-26T20:36:28.344Z","ask"
"0.0932","351.43","2024-05-26T20:36:28.344Z","ask"
"0.0934","5718.94","2024-05-26T20:36:28.344Z","ask"
"0.0935","117.64","2024-05-26T20:36:28.344Z","ask"
"0.0936","5757.2","2024-05-26T20:36:28.344Z","ask"
"0.0938","349.53","2024-05-26T20:36:28.344Z","ask"
"0.0939","5714.86","2024-05-26T20:36:28.344Z","ask"
"0.094","30232.79","2024-05-26T20:36:28.344Z","ask"
"0.0941","297.92","2024-05-26T20:36:28.344Z","ask"
"0.0942","5669.16","2024-05-26T20:36:28.344Z","ask"
"0.0943","19178.83","2024-05-26T20:36:28.344Z","ask"
"0.0944","1186.03","2024-05-26T20:36:28.344Z","ask"
"0.0945","5304.24","2024-05-26T20:36:28.344Z","ask"
"0.0947","10346.17","2024-05-26T20:36:28.344Z","ask"
"0.0948","6500","2024-05-26T20:36:28.344Z","ask"
"0.0949","346.96","2024-05-26T20:36:28.344Z","ask"
"0.095","36673.81","2024-05-26T20:36:28.344Z","ask"
"0.0951","40406.91","2024-05-26T20:36:28.344Z","ask"
"0.0952","5609.57","2024-05-26T20:36:28.344Z","ask"
"0.0953","368.65","2024-05-26T20:36:28.344Z","ask"
"0.0954","17204.79","2024-05-26T20:36:28.344Z","ask"
"0.0955","19338.15","2024-05-26T20:36:28.344Z","ask"
"0.0956","342.87","2024-05-26T20:36:28.344Z","ask"
"0.0957","5630.74","2024-05-26T20:36:28.344Z","ask"
"0.0958","343.66","2024-05-26T20:36:28.344Z","ask"
"0.096","15221.36","2024-05-26T20:36:28.344Z","ask"
"0.0961","1413.06","2024-05-26T20:36:28.344Z","ask"
"0.0963","5546.95","2024-05-26T20:36:28.344Z","ask"
"0.0964","680.71","2024-05-26T20:36:28.344Z","ask"
"0.0966","339.27","2024-05-26T20:36:28.344Z","ask"
"0.0967","22.82","2024-05-26T20:36:28.344Z","ask"
"0.0968","5340.07","2024-05-26T20:36:28.344Z","ask"
"0.0969","5172.86","2024-05-26T20:36:28.344Z","ask"
"0.097","5167.53","2024-05-26T20:36:28.344Z","ask"
"0.0971","5565.73","2024-05-26T20:36:28.344Z","ask"
"0.0972","725.92","2024-05-26T20:36:28.344Z","ask"
"0.0973","5000","2024-05-26T20:36:28.344Z","ask"
"0.0974","43231.6","2024-05-26T20:36:28.344Z","ask"
"0.0975","5477.13","2024-05-26T20:36:28.344Z","ask"
"0.0976","10271.52","2024-05-26T20:36:28.344Z","ask"
"0.0977","10696.9","2024-05-26T20:36:28.344Z","ask"
"0.0978","52497.94","2024-05-26T20:36:28.344Z","ask"
"0.0979","384.46","2024-05-26T20:36:28.344Z","ask"
"0.098","11721.46","2024-05-26T20:36:28.344Z","ask"
"0.0981","3.93","2024-05-26T20:36:28.344Z","ask"
"0.0982","5126.87","2024-05-26T20:36:28.344Z","ask"
"0.0984","5094.01","2024-05-26T20:36:28.344Z","ask"
"0.0985","20031.25","2024-05-26T20:36:28.344Z","ask"
"0.0986","381.69","2024-05-26T20:36:28.344Z","ask"
"0.0987","333.44","2024-05-26T20:36:28.344Z","ask"
"0.0989","283.31","2024-05-26T20:36:28.344Z","ask"
"0.099","38459.93","2024-05-26T20:36:28.344Z","ask"
"0.0992","331.74","2024-05-26T20:36:28.344Z","ask"
"0.0993","2320.96","2024-05-26T20:36:28.344Z","ask"
"0.0994","1259.44","2024-05-26T20:36:28.344Z","ask"
"0.0995","329.27","2024-05-26T20:36:28.344Z","ask"
"0.0997","352.2","2024-05-26T20:36:28.344Z","ask"
"0.0999","10211.69","2024-05-26T20:36:28.344Z","ask"
"0.1","44390.88","2024-05-26T20:36:28.344Z","ask"
"0.1002","328.39","2024-05-26T20:36:28.344Z","ask"
"0.1005","325.95","2024-05-26T20:36:28.344Z","ask"
"0.1006","327.07","2024-05-26T20:36:28.344Z","ask"
"0.1009","324.64","2024-05-26T20:36:28.344Z","ask"
"0.101","4962.88","2024-05-26T20:36:28.344Z","ask"
"0.1011","325.43","2024-05-26T20:36:28.344Z","ask"
"0.1012","21.8","2024-05-26T20:36:28.344Z","ask"
"0.1014","276.38","2024-05-26T20:36:28.344Z","ask"
"0.1015","4715.92","2024-05-26T20:36:28.344Z","ask"
"0.1016","4933.57","2024-05-26T20:36:28.344Z","ask"
"0.1017","323.81","2024-05-26T20:36:28.344Z","ask"
"0.102","9735.03","2024-05-26T20:36:28.344Z","ask"
"0.1022","322.21","2024-05-26T20:36:28.344Z","ask"
"0.1023","62.95","2024-05-26T20:36:28.344Z","ask"
"0.1024","6126.2","2024-05-26T20:36:28.344Z","ask"
"0.1026","319.51","2024-05-26T20:36:28.344Z","ask"
"0.1027","340","2024-05-26T20:36:28.344Z","ask"
"0.1028","341.78","2024-05-26T20:36:28.344Z","ask"
"0.103","19146.23","2024-05-26T20:36:28.344Z","ask"
"0.1032","11440.99","2024-05-26T20:36:28.344Z","ask"
"0.1034","318.42","2024-05-26T20:36:28.344Z","ask"
"0.1038","315.77","2024-05-26T20:36:28.344Z","ask"
"0.1039","269.79","2024-05-26T20:36:28.344Z","ask"
"0.104","9956","2024-05-26T20:36:28.344Z","ask"
"0.1043","21.16","2024-05-26T20:36:28.344Z","ask"
"0.1044","342.84","2024-05-26T20:36:28.344Z","ask"
"0.1046","314.72","2024-05-26T20:36:28.344Z","ask"
"0.1048","4255.76","2024-05-26T20:36:28.344Z","ask"
"0.105","14952.01","2024-05-26T20:36:28.344Z","ask"
"0.1052","9978.91","2024-05-26T20:36:28.344Z","ask"
"0.1055","9666.01","2024-05-26T20:36:28.344Z","ask"
"0.1056","310.32","2024-05-26T20:36:28.344Z","ask"
"0.1057","9666.01","2024-05-26T20:36:28.344Z","ask"
"0.1058","311.11","2024-05-26T20:36:28.344Z","ask"
"0.1059","9686.87","2024-05-26T20:36:28.344Z","ask"
"0.106","11757.37","2024-05-26T20:36:28.344Z","ask"
"0.1061","9666.01","2024-05-26T20:36:28.344Z","ask"
"0.1062","308.55","2024-05-26T20:36:28.344Z","ask"
"0.1063","19666.01","2024-05-26T20:36:28.344Z","ask"
"0.1064","4499.68","2024-05-26T20:36:28.344Z","ask"
"0.1065","9725.82","2024-05-26T20:36:28.344Z","ask"
"0.1066","656.9","2024-05-26T20:36:28.344Z","ask"
"0.1067","9666.01","2024-05-26T20:36:28.344Z","ask"
"0.1068","306.79","2024-05-26T20:36:28.344Z","ask"
"0.1069","9666.01","2024-05-26T20:36:28.344Z","ask"
"0.107","6793.15","2024-05-26T20:36:28.344Z","ask"
"0.1072","305.06","2024-05-26T20:36:28.344Z","ask"
"0.1073","10000","2024-05-26T20:36:28.344Z","ask"
"0.1074","305.06","2024-05-26T20:36:28.344Z","ask"
"0.1075","95.54","2024-05-26T20:36:28.344Z","ask"
"0.1076","305.84","2024-05-26T20:36:28.344Z","ask"
"0.1077","330","2024-05-26T20:36:28.344Z","ask"
"0.108","26310.1","2024-05-26T20:36:28.344Z","ask"
"0.1081","4126.92","2024-05-26T20:36:28.344Z","ask"
"0.1082","304.12","2024-05-26T20:36:28.344Z","ask"
"0.1084","1363.7","2024-05-26T20:36:28.344Z","ask"
"0.1086","1844.85","2024-05-26T20:36:28.344Z","ask"
"0.1088","302.42","2024-05-26T20:36:28.344Z","ask"
"0.109","15268.12","2024-05-26T20:36:28.344Z","ask"
"0.1091","20.23","2024-05-26T20:36:28.344Z","ask"
"0.1092","256.53","2024-05-26T20:36:28.344Z","ask"
"0.1093","299.97","2024-05-26T20:36:28.344Z","ask"
"0.1096","8259.53","2024-05-26T20:36:28.344Z","ask"
"0.1098","4061.6","2024-05-26T20:36:28.344Z","ask"
"0.1099","1821.09","2024-05-26T20:36:28.344Z","ask"
"0.11","347248.71","2024-05-26T20:36:28.344Z","ask"
"0.1101","299.08","2024-05-26T20:36:28.344Z","ask"
"0.1105","296.67","2024-05-26T20:36:28.344Z","ask"
"0.1107","297.44","2024-05-26T20:36:28.344Z","ask"
"0.1108","13359.39","2024-05-26T20:36:28.344Z","ask"
"0.1109","28382.33","2024-05-26T20:36:28.344Z","ask"
"0.111","13320.39","2024-05-26T20:36:28.344Z","ask"
"0.1111","1295.05","2024-05-26T20:36:28.344Z","ask"
"0.1113","42865.7","2024-05-26T20:36:28.344Z","ask"
"0.1116","3998.31","2024-05-26T20:36:28.344Z","ask"
"0.1117","293.44","2024-05-26T20:36:28.344Z","ask"
"0.1119","544.59","2024-05-26T20:36:28.344Z","ask"
"0.112","3612.2","2024-05-26T20:36:28.344Z","ask"
"0.1123","291.86","2024-05-26T20:36:28.344Z","ask"
"0.1125","312.24","2024-05-26T20:36:28.344Z","ask"
"0.1127","310","2024-05-26T20:36:28.344Z","ask"
"0.1129","290.28","2024-05-26T20:36:28.344Z","ask"
"0.113","42324.77","2024-05-26T20:36:28.344Z","ask"
"0.1131","291.05","2024-05-26T20:36:28.344Z","ask"
"0.1133","4010.99","2024-05-26T20:36:28.344Z","ask"
"0.1135","288.73","2024-05-26T20:36:28.344Z","ask"
"0.1137","289.5","2024-05-26T20:36:28.344Z","ask"
"0.114","588474.4","2024-05-26T20:36:28.344Z","ask"
"0.1141","287.19","2024-05-26T20:36:28.344Z","ask"
"0.1142","21553.78","2024-05-26T20:36:28.344Z","ask"
"0.1143","287.96","2024-05-26T20:36:28.344Z","ask"
"0.1145","6140.29","2024-05-26T20:36:28.344Z","ask"
"0.1146","91.95","2024-05-26T20:36:28.344Z","ask"
"0.1147","285.67","2024-05-26T20:36:28.344Z","ask"
"0.1148","1923.07","2024-05-26T20:36:28.344Z","ask"
"0.1149","286.44","2024-05-26T20:36:28.344Z","ask"
"0.115","44077.47","2024-05-26T20:36:28.344Z","ask"
"0.1153","284.17","2024-05-26T20:36:28.344Z","ask"
"0.1154","10.19","2024-05-26T20:36:28.344Z","ask"
"0.1155","10284.93","2024-05-26T20:36:28.344Z","ask"
"0.1158","867.42","2024-05-26T20:36:28.344Z","ask"
"0.1159","282.68","2024-05-26T20:36:28.344Z","ask"
"0.116","68248.18","2024-05-26T20:36:28.344Z","ask"
"0.1161","283.44","2024-05-26T20:36:28.344Z","ask"
"0.1162","10000","2024-05-26T20:36:28.344Z","ask"
"0.1164","500","2024-05-26T20:36:28.344Z","ask"
"0.1165","281.21","2024-05-26T20:36:28.344Z","ask"
"0.1167","281.96","2024-05-26T20:36:28.344Z","ask"
"0.1168","3472.69","2024-05-26T20:36:28.344Z","ask"
"0.1169","3816.41","2024-05-26T20:36:28.344Z","ask"
"0.1172","279.75","2024-05-26T20:36:28.344Z","ask"
"0.1175","75","2024-05-26T20:36:28.344Z","ask"
"0.1177","556.83","2024-05-26T20:36:28.344Z","ask"
"0.118","1086","2024-05-26T20:36:28.344Z","ask"
"0.1186","38.36","2024-05-26T20:36:28.344Z","ask"
"0.1187","5381.24","2024-05-26T20:36:28.344Z","ask"
"0.1191","6458.26","2024-05-26T20:36:28.344Z","ask"
"0.1195","10018.48","2024-05-26T20:36:28.344Z","ask"
"0.12","310891.22","2024-05-26T20:36:28.344Z","ask"
"0.1201","2741.53","2024-05-26T20:36:28.344Z","ask"
"0.1205","2719.81","2024-05-26T20:36:28.344Z","ask"
"0.1206","3932.25","2024-05-26T20:36:28.344Z","ask"
"0.121","5418.31","2024-05-26T20:36:28.344Z","ask"
"0.1211","4550.26","2024-05-26T20:36:28.344Z","ask"
"0.1212","10000","2024-05-26T20:36:28.344Z","ask"
"0.1213","18.2","2024-05-26T20:36:28.344Z","ask"
"0.1216","7.99","2024-05-26T20:36:28.344Z","ask"
"0.122","77418.82","2024-05-26T20:36:28.344Z","ask"
"0.1222","4997.48","2024-05-26T20:36:28.344Z","ask"
"0.1224","3644.24","2024-05-26T20:36:28.344Z","ask"
"0.1226","1573","2024-05-26T20:36:28.344Z","ask"
"0.1227","290","2024-05-26T20:36:28.344Z","ask"
"0.123","20203.77","2024-05-26T20:36:28.344Z","ask"
"0.1231","42.44","2024-05-26T20:36:28.344Z","ask"
"0.1234","74.03","2024-05-26T20:36:28.344Z","ask"
"0.1237","226.55","2024-05-26T20:36:28.344Z","ask"
"0.124","63432.01","2024-05-26T20:36:28.344Z","ask"
"0.1241","10800","2024-05-26T20:36:28.344Z","ask"
"0.1243","3587.3","2024-05-26T20:36:28.344Z","ask"
"0.125","40035.65","2024-05-26T20:36:28.344Z","ask"
"0.1251","17.65","2024-05-26T20:36:28.344Z","ask"
"0.126","1500","2024-05-26T20:36:28.344Z","ask"
"0.1263","3532.11","2024-05-26T20:36:28.344Z","ask"
"0.1265","1524","2024-05-26T20:36:28.344Z","ask"
"0.1266","2527.17","2024-05-26T20:36:28.344Z","ask"
"0.1268","221.02","2024-05-26T20:36:28.344Z","ask"
"0.1269","17.39","2024-05-26T20:36:28.344Z","ask"
"0.1271","810","2024-05-26T20:36:28.344Z","ask"
"0.1273","2574.55","2024-05-26T20:36:28.344Z","ask"
"0.1275","70","2024-05-26T20:36:28.344Z","ask"
"0.1277","280","2024-05-26T20:36:28.344Z","ask"
"0.1279","40000","2024-05-26T20:36:28.344Z","ask"
"0.128","12.04","2024-05-26T20:36:28.344Z","ask"
"0.1282","3478.59","2024-05-26T20:36:28.344Z","ask"
"0.1285","62.34","2024-05-26T20:36:28.344Z","ask"
"0.1289","17.13","2024-05-26T20:36:28.344Z","ask"
"0.129","5822.44","2024-05-26T20:36:28.344Z","ask"
"0.1297","500","2024-05-26T20:36:28.344Z","ask"
"0.1298","6693.21","2024-05-26T20:36:28.344Z","ask"
"0.13","116455.77","2024-05-26T20:36:28.344Z","ask"
"0.1303","3423.98","2024-05-26T20:36:28.344Z","ask"
"0.1304","1479","2024-05-26T20:36:28.344Z","ask"
"0.1308","16.88","2024-05-26T20:36:28.344Z","ask"
"0.132","1266.36","2024-05-26T20:36:28.344Z","ask"
"0.1323","23371.06","2024-05-26T20:36:28.344Z","ask"
"0.1327","270","2024-05-26T20:36:28.344Z","ask"
"0.1329","16.62","2024-05-26T20:36:28.344Z","ask"
"0.1331","2000","2024-05-26T20:36:28.344Z","ask"
"0.1332","19508.04","2024-05-26T20:36:28.344Z","ask"
"0.1335","74.03","2024-05-26T20:36:28.344Z","ask"
"0.1338","1976.28","2024-05-26T20:36:28.344Z","ask"
"0.1339","2458.82","2024-05-26T20:36:28.344Z","ask"
"0.0756","4704.6","2024-05-26T20:36:28.343Z","ask"
"0.0757","1000","2024-05-26T20:36:28.343Z","ask"
"0.0758","7179.92","2024-05-26T20:36:28.343Z","ask"
"0.0759","8758.62","2024-05-26T20:36:28.343Z","ask"
"0.076","25694.36","2024-05-26T20:36:28.343Z","ask"
"0.0761","41653.62","2024-05-26T20:36:28.343Z","ask"
"0.0762","39556.56","2024-05-26T20:36:28.343Z","ask"
"0.0763","42192.69","2024-05-26T20:36:28.343Z","ask"
"0.0764","37138.63","2024-05-26T20:36:28.343Z","ask"
"0.0765","41214.26","2024-05-26T20:36:28.343Z","ask"
"0.0766","12644.96","2024-05-26T20:36:28.343Z","ask"
"0.0767","11751.56","2024-05-26T20:36:28.343Z","ask"
"0.0768","11793.74","2024-05-26T20:36:28.343Z","ask"
"0.0769","16108.71","2024-05-26T20:36:28.343Z","ask"
"0.077","11401.34","2024-05-26T20:36:28.343Z","ask"
"0.0771","12678.41","2024-05-26T20:36:28.343Z","ask"
"0.0772","49536.58","2024-05-26T20:36:28.343Z","ask"
"0.0773","7300.48","2024-05-26T20:36:28.343Z","ask"
"0.0774","51643.04","2024-05-26T20:36:28.343Z","ask"
"0.0775","10227.56","2024-05-26T20:36:28.343Z","ask"
"0.0776","1374.69","2024-05-26T20:36:28.343Z","ask"
"0.0777","2367.48","2024-05-26T20:36:28.343Z","ask"
"0.0778","33343.99","2024-05-26T20:36:28.343Z","ask"
"0.0779","22205.11","2024-05-26T20:36:28.343Z","ask"
"0.078","12642.08","2024-05-26T20:36:28.343Z","ask"
"0.0781","4826.34","2024-05-26T20:36:28.343Z","ask"
"0.0782","4074.24","2024-05-26T20:36:28.343Z","ask"
"0.0783","147.17","2024-05-26T20:36:28.343Z","ask"
"0.0784","11376.31","2024-05-26T20:36:28.343Z","ask"
"0.0785","11920.52","2024-05-26T20:36:28.343Z","ask"
"0.0786","22205.22","2024-05-26T20:36:28.343Z","ask"
"0.0787","41164","2024-05-26T20:36:28.343Z","ask"
"0.0788","830.23","2024-05-26T20:36:28.343Z","ask"
"0.0789","1963.97","2024-05-26T20:36:28.343Z","ask"
"0.079","1560.44","2024-05-26T20:36:28.343Z","ask"
"0.0791","833.07","2024-05-26T20:36:28.343Z","ask"
"0.0792","26986.18","2024-05-26T20:36:28.343Z","ask"
"0.0793","4873.36","2024-05-26T20:36:28.343Z","ask"
"0.0794","18147.86","2024-05-26T20:36:28.343Z","ask"
"0.0795","8053.81","2024-05-26T20:36:28.343Z","ask"
"0.0796","5357.97","2024-05-26T20:36:28.343Z","ask"
"0.0797","39330.15","2024-05-26T20:36:28.343Z","ask"
"0.0798","13185.92","2024-05-26T20:36:28.343Z","ask"
"0.0799","15399.68","2024-05-26T20:36:28.343Z","ask"
"0.08","20714.97","2024-05-26T20:36:28.343Z","ask"
"0.0801","491.88","2024-05-26T20:36:28.343Z","ask"
"0.0802","401.88","2024-05-26T20:36:28.343Z","ask"
"0.0803","957.47","2024-05-26T20:36:28.343Z","ask"
"0.0804","5512.87","2024-05-26T20:36:28.343Z","ask"
"0.0805","488.94","2024-05-26T20:36:28.343Z","ask"
"0.0806","8841.47","2024-05-26T20:36:28.343Z","ask"
"0.0807","10835.34","2024-05-26T20:36:28.343Z","ask"
"0.0808","545.5","2024-05-26T20:36:28.343Z","ask"
"0.0809","487.76","2024-05-26T20:36:28.343Z","ask"
"0.081","426.62","2024-05-26T20:36:28.343Z","ask"
"0.0811","6664.73","2024-05-26T20:36:28.343Z","ask"
"0.0812","118.04","2024-05-26T20:36:28.343Z","ask"
"0.0813","8318.37","2024-05-26T20:36:28.343Z","ask"
"0.0814","80","2024-05-26T20:36:28.343Z","ask"
"0.0815","7191.33","2024-05-26T20:36:28.343Z","ask"
"0.0816","11690","2024-05-26T20:36:28.343Z","ask"
"0.0817","1828.94","2024-05-26T20:36:28.343Z","ask"
"0.0818","540.61","2024-05-26T20:36:28.343Z","ask"
"0.0819","1119.94","2024-05-26T20:36:28.343Z","ask"
"0.082","6977.86","2024-05-26T20:36:28.343Z","ask"
"0.0821","37556.09","2024-05-26T20:36:28.343Z","ask"
"0.0822","1328.83","2024-05-26T20:36:28.343Z","ask"
"0.0823","6569.52","2024-05-26T20:36:28.343Z","ask"
"0.0824","500.82","2024-05-26T20:36:28.343Z","ask"
"0.0825","24489.27","2024-05-26T20:36:28.343Z","ask"
"0.0826","80.87","2024-05-26T20:36:28.343Z","ask"
"0.0827","11819.95","2024-05-26T20:36:28.343Z","ask"
"0.0828","80.87","2024-05-26T20:36:28.343Z","ask"
"0.0829","5856.56","2024-05-26T20:36:28.343Z","ask"
"0.083","607.03","2024-05-26T20:36:28.343Z","ask"
"0.0831","821.69","2024-05-26T20:36:28.343Z","ask"
"0.0832","74657.02","2024-05-26T20:36:28.343Z","ask"
"0.0833","475.03","2024-05-26T20:36:28.343Z","ask"
"0.0834","123.6","2024-05-26T20:36:28.343Z","ask"
"0.0835","73623.15","2024-05-26T20:36:28.343Z","ask"
"0.0836","471.85","2024-05-26T20:36:28.343Z","ask"
"0.0837","3225.69","2024-05-26T20:36:28.343Z","ask"
"0.0838","2080.87","2024-05-26T20:36:28.343Z","ask"
"0.0839","80","2024-05-26T20:36:28.343Z","ask"
"0.084","81.67","2024-05-26T20:36:28.343Z","ask"
"0.0841","472.89","2024-05-26T20:36:28.343Z","ask"
"0.0842","5374.68","2024-05-26T20:36:28.343Z","ask"
"0.0843","6825.35","2024-05-26T20:36:28.343Z","ask"
"0.0844","495.93","2024-05-26T20:36:28.343Z","ask"
"0.0845","470.15","2024-05-26T20:36:28.343Z","ask"
"0.0846","81.67","2024-05-26T20:36:28.343Z","ask"
"0.0847","81.67","2024-05-26T20:36:28.343Z","ask"
"0.0848","467.91","2024-05-26T20:36:28.343Z","ask"
"0.0849","524.06","2024-05-26T20:36:28.343Z","ask"
"0.085","10367.04","2024-05-26T20:36:28.343Z","ask"
"0.0851","61.47","2024-05-26T20:36:28.343Z","ask"
"0.0852","773.98","2024-05-26T20:36:28.343Z","ask"
"0.0853","7265.28","2024-05-26T20:36:28.343Z","ask"
"0.0854","446.69","2024-05-26T20:36:28.343Z","ask"
"0.0855","2500.7","2024-05-26T20:36:28.343Z","ask"
"0.0856","5655.14","2024-05-26T20:36:28.343Z","ask"
"0.0857","87.25","2024-05-26T20:36:28.343Z","ask"
"0.0858","60.6","2024-05-26T20:36:28.343Z","ask"
"0.0859","444.27","2024-05-26T20:36:28.343Z","ask"
"0.086","197074.37","2024-05-26T20:36:28.343Z","ask"
"0.0861","496.99","2024-05-26T20:36:28.343Z","ask"
"0.0862","441.23","2024-05-26T20:36:28.343Z","ask"
"0.0863","2442.47","2024-05-26T20:36:28.343Z","ask"
"0.0864","60","2024-05-26T20:36:28.343Z","ask"
"0.0865","6488.08","2024-05-26T20:36:28.343Z","ask"
"0.0866","439.45","2024-05-26T20:36:28.343Z","ask"
"0.0867","1512.3","2024-05-26T20:36:28.343Z","ask"
"0.0868","60.89","2024-05-26T20:36:28.343Z","ask"
"0.0869","5192.84","2024-05-26T20:36:28.343Z","ask"
"0.087","462.17","2024-05-26T20:36:28.343Z","ask"
"0.0871","95.48","2024-05-26T20:36:28.343Z","ask"
"0.0872","438.48","2024-05-26T20:36:28.343Z","ask"
"0.0873","1444.04","2024-05-26T20:36:28.343Z","ask"
"0.0874","435.94","2024-05-26T20:36:28.343Z","ask"
"0.0875","60.89","2024-05-26T20:36:28.343Z","ask"
"0.0876","2636.73","2024-05-26T20:36:28.343Z","ask"
"0.0877","23715.65","2024-05-26T20:36:28.343Z","ask"
"0.0878","60.89","2024-05-26T20:36:28.343Z","ask"
"0.0879","861.7","2024-05-26T20:36:28.343Z","ask"
"0.088","434.11","2024-05-26T20:36:28.343Z","ask"
"0.0881","60.89","2024-05-26T20:36:28.343Z","ask"
"0.0882","5115.53","2024-05-26T20:36:28.343Z","ask"