"price","volume","time","side"
"0.05240000","10844.83000000","2024-06-22T23:00:58.267Z","sell"
"0.05240000","61.20000000","2024-06-22T23:00:58.267Z","sell"
"0.05230000","5497.23000000","2024-06-22T23:00:58.267Z","sell"
"0.05230000","741.29000000","2024-06-22T23:00:58.267Z","sell"
"0.05230000","61.20000000","2024-06-22T23:00:58.267Z","sell"
"0.05220000","957.85000000","2024-06-22T23:00:58.267Z","sell"
"0.05220000","61.20000000","2024-06-22T23:00:58.267Z","sell"
"0.05210000","6.69000000","2024-06-22T22:29:35.254Z","buy"
"0.05210000","97.70000000","2024-06-22T22:27:53.020Z","buy"
"0.05200000","806.18000000","2024-06-22T22:25:36.511Z","buy"
"0.05210000","327.42000000","2024-06-22T22:25:36.511Z","buy"
"0.05210000","3.93000000","2024-06-22T22:22:34.975Z","buy"
"0.05210000","9.73000000","2024-06-22T22:18:12.843Z","buy"
"0.05210000","843.41000000","2024-06-22T22:07:32.850Z","buy"
"0.05210000","31267.96000000","2024-06-22T22:07:32.850Z","buy"
"0.05210000","134.35000000","2024-06-22T22:07:32.850Z","buy"
"0.05210000","254.28000000","2024-06-22T22:07:32.850Z","buy"
"0.05210000","133.40000000","2024-06-22T22:00:30.099Z","buy"
"0.05210000","400.09000000","2024-06-22T21:49:14.495Z","sell"
"0.05200000","8.92000000","2024-06-22T21:42:30.417Z","buy"
"0.05200000","6.90000000","2024-06-22T21:14:16.528Z","buy"
"0.05200000","3.08000000","2024-06-22T21:04:20.348Z","buy"
"0.05200000","33.78000000","2024-06-22T21:01:10.066Z","sell"
"0.05200000","714.35000000","2024-06-22T21:01:10.066Z","sell"
"0.05200000","61.20000000","2024-06-22T21:01:10.066Z","sell"
"0.05190000","963.39000000","2024-06-22T21:00:00.251Z","sell"
"0.05190000","731.62000000","2024-06-22T21:00:00.251Z","sell"
"0.05190000","61.20000000","2024-06-22T21:00:00.251Z","sell"
"0.05180000","45.90000000","2024-06-22T20:37:28.920Z","buy"
"0.05180000","0.05000000","2024-06-22T20:37:28.920Z","buy"
"0.05180000","5.71000000","2024-06-22T20:33:03.764Z","buy"
"0.05160000","7840.09000000","2024-06-22T20:14:09.715Z","buy"
"0.05160000","60.00000000","2024-06-22T20:14:09.715Z","buy"
"0.05170000","5108.35000000","2024-06-22T20:14:09.715Z","buy"
"0.05170000","60.00000000","2024-06-22T20:14:09.715Z","buy"
"0.05180000","3859.74000000","2024-06-22T20:14:09.715Z","buy"
"0.05180000","1423.59000000","2024-06-22T20:14:09.715Z","buy"
"0.05180000","60.00000000","2024-06-22T20:14:09.715Z","buy"
"0.05190000","3976.47000000","2024-06-22T20:14:09.715Z","buy"
"0.05190000","60.00000000","2024-06-22T20:14:09.715Z","buy"
"0.05200000","10509.97000000","2024-06-22T20:14:09.715Z","buy"
"0.05200000","0.01000000","2024-06-22T20:14:09.715Z","buy"
"0.05200000","1418.11000000","2024-06-22T20:14:09.715Z","buy"
"0.05200000","60.00000000","2024-06-22T20:14:09.715Z","buy"
"0.05210000","1919.35000000","2024-06-22T20:14:09.715Z","buy"
"0.05210000","744.18000000","2024-06-22T20:14:09.715Z","buy"
"0.05210000","60.00000000","2024-06-22T20:14:09.715Z","buy"
"0.05220000","60.00000000","2024-06-22T20:14:09.715Z","buy"
"0.05230000","955.94000000","2024-06-22T20:14:09.715Z","buy"
"0.05230000","0.01000000","2024-06-22T20:14:09.715Z","buy"
"0.05230000","0.01000000","2024-06-22T20:14:09.715Z","buy"
"0.05240000","328.31000000","2024-06-22T20:14:09.715Z","buy"
"0.05240000","6.77000000","2024-06-22T19:59:35.227Z","buy"
"0.05240000","0.01000000","2024-06-22T19:54:05.970Z","sell"
"0.05240000","0.01000000","2024-06-22T19:53:45.010Z","sell"
"0.05230000","4.81000000","2024-06-22T19:51:09.285Z","buy"
"0.05240000","3.53000000","2024-06-22T19:48:06.026Z","sell"
"0.05240000","30.82000000","2024-06-22T19:42:10.533Z","sell"
"0.05230000","438.36000000","2024-06-22T19:42:05.445Z","buy"
"0.05240000","380.50000000","2024-06-22T19:42:05.445Z","buy"
"0.05250000","209.25000000","2024-06-22T19:20:56.642Z","sell"
"0.05250000","61.20000000","2024-06-22T19:20:56.642Z","sell"
"0.05240000","2.98000000","2024-06-22T19:11:18.157Z","buy"
"0.05230000","5.67000000","2024-06-22T19:04:14.807Z","buy"
"0.05230000","0.18000000","2024-06-22T19:03:13.741Z","buy"
"0.05240000","259.13000000","2024-06-22T19:01:11.980Z","sell"
"0.05240000","22.17000000","2024-06-22T19:01:11.980Z","sell"
"0.05230000","39.16000000","2024-06-22T18:58:41.414Z","buy"
"0.05240000","39.03000000","2024-06-22T18:57:50.784Z","sell"
"0.05230000","4.49000000","2024-06-22T18:56:04.824Z","buy"
"0.05230000","5.72000000","2024-06-22T18:52:58.231Z","buy"
"0.05210000","484.49000000","2024-06-22T18:47:13.468Z","buy"
"0.05210000","60.00000000","2024-06-22T18:47:13.468Z","buy"
"0.05220000","6.40000000","2024-06-22T18:47:13.468Z","buy"
"0.05230000","1912.03000000","2024-06-22T18:47:13.468Z","buy"
"0.05230000","60.00000000","2024-06-22T18:47:13.468Z","buy"
"0.05240000","747.65000000","2024-06-22T18:47:13.468Z","buy"
"0.05240000","60.00000000","2024-06-22T18:47:13.468Z","buy"
"0.05250000","952.17000000","2024-06-22T18:47:13.468Z","buy"
"0.05260000","378.51000000","2024-06-22T18:47:13.468Z","buy"
"0.05260000","8.89000000","2024-06-22T18:29:25.363Z","buy"
"0.05260000","6.41000000","2024-06-22T18:27:16.986Z","buy"
"0.05260000","5.66000000","2024-06-22T18:21:16.894Z","buy"
"0.05270000","148.30000000","2024-06-22T18:17:12.259Z","sell"
"0.05270000","278.94000000","2024-06-22T18:14:57.343Z","sell"
"0.05270000","61.20000000","2024-06-22T18:14:57.343Z","sell"
"0.05260000","950.57000000","2024-06-22T18:14:57.343Z","sell"
"0.05260000","61.20000000","2024-06-22T18:14:57.343Z","sell"
"0.05260000","613.17000000","2024-06-22T18:14:57.343Z","sell"
"0.05250000","4.52000000","2024-06-22T18:07:46.023Z","buy"
"0.05260000","101.34000000","2024-06-22T18:06:06.532Z","sell"
"0.05240000","7.02000000","2024-06-22T17:58:32.038Z","buy"
"0.05220000","48.65000000","2024-06-22T17:58:18.093Z","buy"
"0.05230000","954.66000000","2024-06-22T17:58:18.093Z","buy"
"0.05230000","60.00000000","2024-06-22T17:58:18.093Z","buy"
"0.05250000","28.65000000","2024-06-22T17:58:18.093Z","buy"
"0.05250000","330.87000000","2024-06-22T17:58:18.093Z","buy"
"0.05250000","4.50000000","2024-06-22T17:53:47.785Z","buy"
"0.05260000","31.02000000","2024-06-22T17:41:51.733Z","sell"
"0.05260000","61.20000000","2024-06-22T17:41:51.733Z","sell"
"0.05230000","6690.27000000","2024-06-22T17:17:27.950Z","buy"
"0.05230000","60.00000000","2024-06-22T17:17:27.633Z","buy"
"0.05240000","722.66000000","2024-06-22T17:17:27.633Z","buy"
"0.05240000","60.00000000","2024-06-22T17:17:27.633Z","buy"
"0.05250000","60.00000000","2024-06-22T17:17:27.633Z","buy"
"0.05270000","180.00000000","2024-06-22T17:17:27.020Z","buy"
"0.05280000","6197.82000000","2024-06-22T17:17:26.730Z","sell"
"0.05260000","732.13000000","2024-06-22T17:17:26.666Z","buy"
"0.05260000","60.00000000","2024-06-22T17:17:26.666Z","buy"
"0.05270000","947.62000000","2024-06-22T17:17:26.666Z","buy"
"0.05280000","9000.00000000","2024-06-22T17:17:26.666Z","buy"
"0.05280000","327.03000000","2024-06-22T17:17:26.666Z","buy"
"0.05280000","8.63000000","2024-06-22T17:03:13.224Z","buy"
"0.05280000","4.92000000","2024-06-22T16:55:38.114Z","buy"
"0.05290000","6197.82000000","2024-06-22T16:53:09.132Z","sell"
"0.05290000","61.20000000","2024-06-22T16:53:09.132Z","sell"
"0.05280000","735.16000000","2024-06-22T16:53:09.132Z","sell"
"0.05280000","61.20000000","2024-06-22T16:53:09.132Z","sell"
"0.05280000","8866.32000000","2024-06-22T16:53:09.132Z","sell"
"0.05270000","184.42000000","2024-06-22T16:53:09.132Z","sell"
"0.05270000","1720.23000000","2024-06-22T16:53:09.132Z","sell"
"0.05270000","948.76000000","2024-06-22T16:53:09.132Z","sell"
"0.05260000","8.04000000","2024-06-22T16:52:54.084Z","buy"
"0.05260000","4.16000000","2024-06-22T16:51:53.443Z","buy"
"0.05260000","2.99000000","2024-06-22T16:48:07.833Z","buy"
"0.05260000","5.78000000","2024-06-22T16:39:35.553Z","buy"
"0.05260000","7.05000000","2024-06-22T16:35:04.885Z","buy"
"0.05250000","952.38000000","2024-06-22T16:31:33.980Z","sell"
"0.05250000","6072.27000000","2024-06-22T16:31:33.980Z","sell"
"0.05250000","951.40000000","2024-06-22T16:30:02.872Z","buy"
"0.05250000","27591.77000000","2024-06-22T16:30:02.872Z","buy"
"0.05260000","33.07000000","2024-06-22T16:30:02.872Z","buy"
"0.05260000","323.27000000","2024-06-22T16:30:02.872Z","buy"
"0.05250000","10408.23000000","2024-06-22T16:27:50.487Z","buy"
"0.05250000","10.00000000","2024-06-22T16:27:50.487Z","buy"
"0.05260000","151.77000000","2024-06-22T16:27:50.487Z","buy"
"0.05260000","334.24000000","2024-06-22T16:27:50.487Z","buy"
"0.05260000","734.15000000","2024-06-22T16:27:50.487Z","buy"
"0.05260000","4.89000000","2024-06-22T16:27:21.062Z","buy"
"0.05260000","6.01000000","2024-06-22T16:25:52.056Z","buy"
"0.05260000","5.12000000","2024-06-22T16:17:58.861Z","buy"
"0.05260000","5.84000000","2024-06-22T16:15:22.939Z","buy"
"0.05260000","5.72000000","2024-06-22T16:13:35.915Z","buy"
"0.05260000","4.08000000","2024-06-22T16:08:50.820Z","buy"
"0.05270000","94.45000000","2024-06-22T15:57:52.867Z","sell"
"0.05260000","4.36000000","2024-06-22T15:53:41.950Z","buy"
"0.05260000","8.51000000","2024-06-22T15:50:02.679Z","buy"
"0.05260000","4.67000000","2024-06-22T15:25:11.806Z","buy"
"0.05270000","34.35000000","2024-06-22T15:25:07.301Z","sell"
"0.05270000","61.20000000","2024-06-22T15:25:07.301Z","sell"
"0.05260000","16.05000000","2024-06-22T15:25:07.301Z","sell"
"0.05250000","5.47000000","2024-06-22T15:23:29.624Z","buy"
"0.05250000","5.79000000","2024-06-22T15:23:02.464Z","buy"
"0.05250000","10.01000000","2024-06-22T14:48:08.211Z","buy"
"0.05250000","4.82000000","2024-06-22T14:46:05.525Z","buy"
"0.05240000","2.03000000","2024-06-22T14:26:42.498Z","buy"
"0.05260000","2.02000000","2024-06-22T14:25:57.949Z","sell"
"0.05250000","4.78000000","2024-06-22T14:21:47.399Z","buy"
"0.05250000","20.33000000","2024-06-22T14:20:56.481Z","buy"
"0.05240000","3.43000000","2024-06-22T14:07:16.327Z","buy"
"0.05240000","2.60000000","2024-06-22T14:05:19.095Z","buy"
"0.05250000","197.00000000","2024-06-22T14:04:49.884Z","sell"
"0.05240000","5.53000000","2024-06-22T13:52:03.464Z","buy"
"0.05240000","6.86000000","2024-06-22T13:44:37.416Z","buy"
"0.05240000","5.35000000","2024-06-22T13:31:23.610Z","buy"
"0.05240000","5.42000000","2024-06-22T13:20:24.102Z","buy"
"0.05260000","43.13000000","2024-06-22T13:13:22.361Z","sell"
"0.05250000","1849.03000000","2024-06-22T13:13:22.361Z","sell"
"0.05240000","954.19000000","2024-06-22T13:13:22.361Z","sell"
"0.05230000","206.49000000","2024-06-22T13:06:22.599Z","buy"
"0.05230000","5.69000000","2024-06-22T13:02:37.013Z","buy"
"0.05240000","196.36000000","2024-06-22T12:54:29.523Z","sell"
"0.05230000","39.19000000","2024-06-22T12:48:06.712Z","buy"
"0.05230000","8.71000000","2024-06-22T12:39:57.712Z","buy"
"0.05220000","0.01000000","2024-06-22T12:17:39.520Z","buy"
"0.05230000","0.01000000","2024-06-22T12:13:58.084Z","buy"
"0.05230000","0.01000000","2024-06-22T12:13:57.553Z","buy"
"0.05230000","0.01000000","2024-06-22T12:13:56.903Z","buy"
"0.05230000","0.01000000","2024-06-22T12:13:56.372Z","buy"
"0.05230000","0.01000000","2024-06-22T12:13:55.901Z","buy"
"0.05230000","0.01000000","2024-06-22T12:13:55.449Z","buy"
"0.05230000","0.01000000","2024-06-22T12:13:54.998Z","buy"
"0.05230000","0.01000000","2024-06-22T12:13:54.447Z","buy"
"0.05230000","0.01000000","2024-06-22T12:13:53.914Z","buy"
"0.05230000","0.01000000","2024-06-22T12:13:53.378Z","buy"
"0.05230000","0.01000000","2024-06-22T12:13:52.764Z","buy"
"0.05230000","0.01000000","2024-06-22T12:13:52.182Z","buy"
"0.05230000","0.01000000","2024-06-22T12:13:51.606Z","buy"
"0.05230000","0.01000000","2024-06-22T12:13:51.084Z","buy"
"0.05230000","0.01000000","2024-06-22T12:13:50.516Z","buy"
"0.05230000","0.01000000","2024-06-22T12:13:49.988Z","buy"
"0.05230000","0.01000000","2024-06-22T12:13:49.461Z","buy"
"0.05230000","0.01000000","2024-06-22T12:13:48.960Z","buy"
"0.05230000","0.01000000","2024-06-22T12:13:48.240Z","buy"
"0.05230000","0.01000000","2024-06-22T12:13:47.712Z","buy"
"0.05230000","0.01000000","2024-06-22T12:13:47.187Z","buy"
"0.05230000","0.01000000","2024-06-22T12:13:46.640Z","buy"
"0.05230000","0.01000000","2024-06-22T12:13:46.093Z","buy"
"0.05230000","0.01000000","2024-06-22T12:13:45.609Z","buy"
"0.05230000","0.01000000","2024-06-22T12:13:45.063Z","buy"
"0.05230000","0.01000000","2024-06-22T12:13:44.516Z","buy"
"0.05230000","0.01000000","2024-06-22T12:13:44.059Z","buy"
"0.05230000","0.01000000","2024-06-22T12:13:43.518Z","buy"
"0.05230000","0.01000000","2024-06-22T12:13:42.950Z","buy"
"0.05230000","0.01000000","2024-06-22T12:13:42.448Z","buy"
"0.05230000","0.01000000","2024-06-22T12:13:41.960Z","buy"
"0.05230000","0.01000000","2024-06-22T12:13:41.374Z","buy"
"0.05230000","0.01000000","2024-06-22T12:13:40.851Z","buy"
"0.05230000","0.01000000","2024-06-22T12:13:40.330Z","buy"
"0.05230000","0.01000000","2024-06-22T12:13:39.799Z","buy"
"0.05230000","0.01000000","2024-06-22T12:13:39.234Z","buy"
"0.05230000","0.01000000","2024-06-22T12:13:38.723Z","buy"
"0.05230000","0.01000000","2024-06-22T12:13:38.082Z","buy"
"0.05230000","0.01000000","2024-06-22T12:13:37.485Z","buy"
"0.05230000","0.01000000","2024-06-22T12:13:36.943Z","buy"
"0.05230000","0.01000000","2024-06-22T12:13:36.364Z","buy"
"0.05230000","0.01000000","2024-06-22T12:13:35.766Z","buy"
"0.05230000","0.01000000","2024-06-22T12:13:35.240Z","buy"
"0.05230000","0.01000000","2024-06-22T12:13:34.697Z","buy"
"0.05230000","0.01000000","2024-06-22T12:13:34.213Z","buy"
"0.05230000","0.01000000","2024-06-22T12:13:33.665Z","buy"
"0.05230000","0.01000000","2024-06-22T12:13:33.200Z","buy"
"0.05230000","0.01000000","2024-06-22T12:13:32.738Z","buy"
"0.05230000","0.01000000","2024-06-22T12:13:32.269Z","buy"
"0.05230000","0.01000000","2024-06-22T12:13:31.805Z","buy"
"0.05230000","0.01000000","2024-06-22T12:13:31.331Z","buy"
"0.05230000","0.01000000","2024-06-22T12:13:30.756Z","buy"
"0.05230000","0.01000000","2024-06-22T12:13:30.328Z","buy"
"0.05230000","0.01000000","2024-06-22T12:13:29.810Z","buy"
"0.05230000","0.01000000","2024-06-22T12:13:29.130Z","buy"
"0.05230000","0.01000000","2024-06-22T12:13:28.611Z","buy"
"0.05230000","0.01000000","2024-06-22T12:13:27.981Z","buy"
"0.05230000","0.01000000","2024-06-22T12:13:27.449Z","buy"
"0.05230000","0.01000000","2024-06-22T12:13:26.773Z","buy"
"0.05230000","0.01000000","2024-06-22T12:13:26.187Z","buy"
"0.05230000","0.01000000","2024-06-22T12:13:25.694Z","buy"
"0.05230000","0.01000000","2024-06-22T12:13:25.155Z","buy"
"0.05230000","0.01000000","2024-06-22T12:13:24.505Z","buy"
"0.05230000","0.01000000","2024-06-22T12:13:23.851Z","buy"
"0.05230000","0.01000000","2024-06-22T12:13:23.256Z","buy"
"0.05230000","0.01000000","2024-06-22T12:13:22.463Z","buy"
"0.05230000","0.01000000","2024-06-22T12:13:21.812Z","buy"
"0.05230000","0.01000000","2024-06-22T12:13:21.253Z","buy"
"0.05230000","0.01000000","2024-06-22T12:13:20.698Z","buy"
"0.05230000","0.01000000","2024-06-22T12:13:19.884Z","buy"
"0.05230000","0.01000000","2024-06-22T12:13:19.328Z","buy"
"0.05230000","0.01000000","2024-06-22T12:13:18.765Z","buy"
"0.05230000","0.01000000","2024-06-22T12:13:18.214Z","buy"
"0.05230000","0.01000000","2024-06-22T12:13:17.633Z","buy"
"0.05230000","0.01000000","2024-06-22T12:13:17.123Z","buy"
"0.05230000","0.01000000","2024-06-22T12:13:16.637Z","buy"
"0.05230000","0.01000000","2024-06-22T12:13:16.122Z","buy"
"0.05230000","0.01000000","2024-06-22T12:13:15.509Z","buy"
"0.05230000","0.01000000","2024-06-22T12:13:14.973Z","buy"
"0.05230000","0.01000000","2024-06-22T12:13:14.155Z","buy"
"0.05230000","0.01000000","2024-06-22T12:13:13.444Z","buy"
"0.05230000","0.01000000","2024-06-22T12:13:12.950Z","buy"
"0.05230000","0.01000000","2024-06-22T12:13:12.462Z","buy"
"0.05230000","0.01000000","2024-06-22T12:13:11.836Z","buy"
"0.05230000","0.01000000","2024-06-22T12:13:11.264Z","buy"
"0.05230000","0.01000000","2024-06-22T12:13:10.531Z","buy"
"0.05230000","0.01000000","2024-06-22T12:13:09.849Z","buy"
"0.05230000","0.01000000","2024-06-22T12:13:09.277Z","buy"
"0.05230000","0.01000000","2024-06-22T12:13:08.752Z","buy"
"0.05230000","0.01000000","2024-06-22T12:13:08.221Z","buy"
"0.05230000","0.01000000","2024-06-22T12:13:07.683Z","buy"
"0.05230000","0.01000000","2024-06-22T12:13:07.117Z","buy"
"0.05230000","0.01000000","2024-06-22T12:13:06.476Z","buy"
"0.05230000","0.01000000","2024-06-22T12:13:05.939Z","buy"
"0.05230000","0.01000000","2024-06-22T12:13:05.400Z","buy"
"0.05230000","0.01000000","2024-06-22T12:13:04.853Z","buy"
"0.05230000","0.01000000","2024-06-22T12:13:04.347Z","buy"
"0.05230000","0.01000000","2024-06-22T12:13:03.792Z","buy"
"0.05230000","0.01000000","2024-06-22T12:13:03.257Z","buy"
"0.05230000","0.01000000","2024-06-22T12:13:02.694Z","buy"
"0.05230000","0.01000000","2024-06-22T12:13:02.147Z","buy"
"0.05230000","0.01000000","2024-06-22T12:13:01.556Z","buy"
"0.05230000","0.01000000","2024-06-22T12:13:01.040Z","buy"
"0.05230000","0.01000000","2024-06-22T12:13:00.385Z","buy"
"0.05230000","0.01000000","2024-06-22T12:12:59.827Z","buy"
"0.05230000","0.01000000","2024-06-22T12:12:59.060Z","buy"
"0.05230000","0.01000000","2024-06-22T12:12:58.530Z","buy"
"0.05230000","0.01000000","2024-06-22T12:12:57.431Z","buy"
"0.05230000","0.01000000","2024-06-22T12:12:56.804Z","buy"
"0.05230000","0.01000000","2024-06-22T12:12:56.237Z","buy"
"0.05230000","0.01000000","2024-06-22T12:12:55.589Z","buy"
"0.05230000","0.01000000","2024-06-22T12:12:55.023Z","buy"
"0.05230000","0.01000000","2024-06-22T12:12:54.350Z","buy"
"0.05230000","0.01000000","2024-06-22T12:12:53.637Z","buy"
"0.05230000","0.01000000","2024-06-22T12:12:53.125Z","buy"
"0.05230000","0.01000000","2024-06-22T12:12:52.607Z","buy"
"0.05230000","0.01000000","2024-06-22T12:12:52.060Z","buy"
"0.05230000","0.01000000","2024-06-22T12:12:51.573Z","buy"
"0.05230000","0.01000000","2024-06-22T12:12:51.143Z","buy"
"0.05230000","0.01000000","2024-06-22T12:12:50.582Z","buy"
"0.05230000","0.01000000","2024-06-22T12:12:50.096Z","buy"
"0.05230000","0.01000000","2024-06-22T12:12:49.569Z","buy"
"0.05230000","0.01000000","2024-06-22T12:12:48.961Z","buy"
"0.05230000","0.01000000","2024-06-22T12:12:48.457Z","buy"
"0.05230000","0.01000000","2024-06-22T12:12:47.482Z","buy"
"0.05230000","0.01000000","2024-06-22T12:12:47.035Z","buy"
"0.05230000","0.01000000","2024-06-22T12:12:46.470Z","buy"
"0.05230000","0.01000000","2024-06-22T12:12:45.952Z","buy"
"0.05230000","0.01000000","2024-06-22T12:12:45.397Z","buy"
"0.05230000","0.01000000","2024-06-22T12:12:44.945Z","buy"
"0.05230000","0.01000000","2024-06-22T12:12:44.463Z","buy"
"0.05230000","0.01000000","2024-06-22T12:12:43.957Z","buy"
"0.05230000","0.01000000","2024-06-22T12:12:43.285Z","buy"
"0.05230000","0.01000000","2024-06-22T12:12:42.842Z","buy"
"0.05230000","0.01000000","2024-06-22T12:12:42.351Z","buy"
"0.05230000","0.01000000","2024-06-22T12:12:41.819Z","buy"
"0.05230000","0.01000000","2024-06-22T12:12:41.324Z","buy"
"0.05230000","0.01000000","2024-06-22T12:12:40.843Z","buy"
"0.05230000","0.01000000","2024-06-22T12:12:40.204Z","buy"
"0.05230000","0.01000000","2024-06-22T12:12:39.517Z","buy"
"0.05230000","0.01000000","2024-06-22T12:12:38.907Z","buy"
"0.05230000","0.01000000","2024-06-22T12:12:38.382Z","buy"
"0.05230000","0.01000000","2024-06-22T12:12:37.913Z","buy"
"0.05230000","0.01000000","2024-06-22T12:12:37.399Z","buy"
"0.05230000","0.01000000","2024-06-22T12:12:36.880Z","buy"
"0.05230000","0.01000000","2024-06-22T12:12:36.381Z","buy"
"0.05230000","0.01000000","2024-06-22T12:12:35.880Z","buy"
"0.05230000","0.01000000","2024-06-22T12:12:35.439Z","buy"
"0.05230000","0.01000000","2024-06-22T12:12:34.928Z","buy"
"0.05230000","0.01000000","2024-06-22T12:12:34.338Z","buy"
"0.05230000","0.01000000","2024-06-22T12:12:33.839Z","buy"
"0.05230000","0.01000000","2024-06-22T12:12:33.333Z","buy"
"0.05230000","0.01000000","2024-06-22T12:12:32.887Z","buy"
"0.05230000","0.01000000","2024-06-22T12:12:32.397Z","buy"
"0.05230000","0.01000000","2024-06-22T12:12:31.930Z","buy"
"0.05230000","0.01000000","2024-06-22T12:12:31.413Z","buy"
"0.05230000","0.01000000","2024-06-22T12:12:30.830Z","buy"
"0.05230000","0.01000000","2024-06-22T12:12:30.296Z","buy"
"0.05230000","0.01000000","2024-06-22T12:12:29.841Z","buy"
"0.05230000","0.01000000","2024-06-22T12:12:29.422Z","buy"
"0.05230000","0.01000000","2024-06-22T12:12:28.913Z","buy"
"0.05230000","0.01000000","2024-06-22T12:12:28.370Z","buy"
"0.05230000","0.01000000","2024-06-22T12:12:27.844Z","buy"
"0.05230000","0.01000000","2024-06-22T12:12:27.349Z","buy"
"0.05230000","0.01000000","2024-06-22T12:12:26.837Z","buy"
"0.05230000","0.01000000","2024-06-22T12:12:26.325Z","buy"
"0.05230000","0.01000000","2024-06-22T12:12:25.691Z","buy"
"0.05230000","0.01000000","2024-06-22T12:12:25.109Z","buy"
"0.05230000","0.01000000","2024-06-22T12:12:24.588Z","buy"
"0.05230000","0.01000000","2024-06-22T12:12:24.061Z","buy"
"0.05230000","0.01000000","2024-06-22T12:12:23.517Z","buy"
"0.05230000","0.01000000","2024-06-22T12:12:22.976Z","buy"
"0.05230000","0.01000000","2024-06-22T12:12:22.469Z","buy"
"0.05230000","0.01000000","2024-06-22T12:12:22.030Z","buy"
"0.05230000","0.01000000","2024-06-22T12:12:21.506Z","buy"
"0.05230000","0.01000000","2024-06-22T12:12:21.076Z","buy"
"0.05230000","0.01000000","2024-06-22T12:12:20.557Z","buy"
"0.05230000","0.01000000","2024-06-22T12:12:20.052Z","buy"
"0.05230000","0.01000000","2024-06-22T12:12:19.536Z","buy"
"0.05230000","0.01000000","2024-06-22T12:12:19.044Z","buy"
"0.05230000","0.01000000","2024-06-22T12:12:18.515Z","buy"
"0.05230000","0.01000000","2024-06-22T12:12:18.004Z","buy"
"0.05230000","0.01000000","2024-06-22T12:12:17.489Z","buy"
"0.05230000","0.01000000","2024-06-22T12:12:16.964Z","buy"
"0.05230000","0.01000000","2024-06-22T12:12:16.421Z","buy"
"0.05230000","0.01000000","2024-06-22T12:12:15.970Z","buy"
"0.05230000","0.01000000","2024-06-22T12:12:15.481Z","buy"
"0.05230000","0.01000000","2024-06-22T12:12:14.891Z","buy"
"0.05230000","0.01000000","2024-06-22T12:12:14.402Z","buy"
"0.05230000","0.01000000","2024-06-22T12:12:13.813Z","buy"
"0.05230000","0.01000000","2024-06-22T12:12:13.309Z","buy"
"0.05230000","0.01000000","2024-06-22T12:12:12.786Z","buy"
"0.05230000","0.01000000","2024-06-22T12:12:12.268Z","buy"
"0.05230000","0.01000000","2024-06-22T12:12:11.719Z","buy"
"0.05230000","0.01000000","2024-06-22T12:12:11.178Z","buy"
"0.05230000","0.01000000","2024-06-22T12:12:10.765Z","buy"
"0.05230000","0.01000000","2024-06-22T12:12:10.242Z","buy"
"0.05230000","0.01000000","2024-06-22T12:12:09.567Z","buy"
"0.05230000","0.01000000","2024-06-22T12:12:08.947Z","buy"
"0.05230000","0.01000000","2024-06-22T12:12:08.296Z","buy"
"0.05230000","0.01000000","2024-06-22T12:12:07.751Z","buy"
"0.05230000","0.01000000","2024-06-22T12:12:07.225Z","buy"
"0.05230000","0.01000000","2024-06-22T12:12:06.712Z","buy"
"0.05230000","0.01000000","2024-06-22T12:12:06.215Z","buy"
"0.05230000","0.01000000","2024-06-22T12:12:05.643Z","buy"
"0.05230000","0.01000000","2024-06-22T12:12:05.144Z","buy"
"0.05230000","0.01000000","2024-06-22T12:12:04.631Z","buy"
"0.05230000","0.01000000","2024-06-22T12:12:04.101Z","buy"
"0.05230000","0.01000000","2024-06-22T12:12:03.574Z","buy"
"0.05230000","0.01000000","2024-06-22T12:12:03.069Z","buy"
"0.05230000","0.01000000","2024-06-22T12:12:02.525Z","buy"
"0.05230000","0.01000000","2024-06-22T12:12:02.014Z","buy"
"0.05230000","0.01000000","2024-06-22T12:12:01.472Z","buy"
"0.05230000","0.01000000","2024-06-22T12:12:00.944Z","buy"
"0.05230000","0.01000000","2024-06-22T12:12:00.366Z","buy"
"0.05230000","0.01000000","2024-06-22T12:11:59.811Z","buy"
"0.05230000","0.01000000","2024-06-22T12:11:59.243Z","buy"
"0.05230000","0.01000000","2024-06-22T12:11:58.692Z","buy"
"0.05230000","0.01000000","2024-06-22T12:11:58.117Z","buy"
"0.05230000","0.01000000","2024-06-22T12:11:57.569Z","buy"
"0.05230000","0.01000000","2024-06-22T12:11:57.054Z","buy"
"0.05230000","0.01000000","2024-06-22T12:11:56.502Z","buy"
"0.05230000","0.01000000","2024-06-22T12:11:55.930Z","buy"
"0.05230000","0.01000000","2024-06-22T12:11:55.276Z","buy"
"0.05230000","0.01000000","2024-06-22T12:11:54.779Z","buy"
"0.05230000","0.01000000","2024-06-22T12:11:54.309Z","buy"
"0.05230000","0.01000000","2024-06-22T12:11:53.667Z","buy"
"0.05230000","0.01000000","2024-06-22T12:11:52.980Z","buy"
"0.05230000","0.01000000","2024-06-22T12:11:52.433Z","buy"
"0.05230000","0.01000000","2024-06-22T12:11:51.878Z","buy"
"0.05230000","0.01000000","2024-06-22T12:11:51.307Z","buy"
"0.05230000","0.01000000","2024-06-22T12:11:50.739Z","buy"
"0.05230000","0.01000000","2024-06-22T12:11:50.150Z","buy"
"0.05230000","0.01000000","2024-06-22T12:11:49.608Z","buy"
"0.05230000","0.01000000","2024-06-22T12:11:48.937Z","buy"
"0.05230000","0.01000000","2024-06-22T12:11:48.363Z","buy"
"0.05230000","0.01000000","2024-06-22T12:11:47.808Z","buy"
"0.05230000","0.01000000","2024-06-22T12:11:47.269Z","buy"
"0.05230000","0.01000000","2024-06-22T12:11:46.746Z","buy"
"0.05230000","0.01000000","2024-06-22T12:11:46.164Z","buy"
"0.05230000","0.01000000","2024-06-22T12:11:45.603Z","buy"
"0.05230000","0.01000000","2024-06-22T12:11:45.036Z","buy"
"0.05230000","0.01000000","2024-06-22T12:11:44.434Z","buy"
"0.05230000","0.01000000","2024-06-22T12:11:43.930Z","buy"
"0.05230000","0.01000000","2024-06-22T12:11:43.381Z","buy"
"0.05230000","0.01000000","2024-06-22T12:11:42.807Z","buy"
"0.05230000","0.01000000","2024-06-22T12:11:42.223Z","buy"
"0.05230000","0.01000000","2024-06-22T12:11:41.635Z","buy"
"0.05230000","0.01000000","2024-06-22T12:11:41.077Z","buy"
"0.05230000","0.01000000","2024-06-22T12:11:40.568Z","buy"
"0.05230000","0.01000000","2024-06-22T12:11:39.893Z","buy"
"0.05230000","0.01000000","2024-06-22T12:11:39.387Z","buy"
"0.05230000","0.01000000","2024-06-22T12:11:38.795Z","buy"
"0.05230000","0.01000000","2024-06-22T12:11:38.294Z","buy"
"0.05230000","0.01000000","2024-06-22T12:11:37.780Z","buy"
"0.05230000","0.01000000","2024-06-22T12:11:37.213Z","buy"
"0.05230000","0.01000000","2024-06-22T12:11:36.694Z","buy"
"0.05230000","0.01000000","2024-06-22T12:11:36.030Z","buy"
"0.05230000","0.01000000","2024-06-22T12:11:35.349Z","buy"
"0.05230000","0.01000000","2024-06-22T12:11:34.773Z","buy"
"0.05230000","0.01000000","2024-06-22T12:11:34.198Z","buy"
"0.05230000","0.01000000","2024-06-22T12:11:33.661Z","buy"
"0.05230000","0.01000000","2024-06-22T12:11:33.134Z","buy"
"0.05230000","0.01000000","2024-06-22T12:11:32.546Z","buy"
"0.05230000","0.01000000","2024-06-22T12:11:32.011Z","buy"
"0.05230000","0.01000000","2024-06-22T12:11:31.466Z","buy"
"0.05230000","0.01000000","2024-06-22T12:11:30.954Z","buy"
"0.05230000","0.01000000","2024-06-22T12:11:30.442Z","buy"
"0.05230000","0.01000000","2024-06-22T12:11:29.535Z","buy"
"0.05230000","0.01000000","2024-06-22T12:11:28.988Z","buy"
"0.05230000","0.01000000","2024-06-22T12:11:28.442Z","buy"
"0.05230000","0.01000000","2024-06-22T12:11:27.871Z","buy"
"0.05230000","0.01000000","2024-06-22T12:11:27.319Z","buy"
"0.05230000","0.01000000","2024-06-22T12:11:26.758Z","buy"
"0.05230000","0.01000000","2024-06-22T12:11:26.238Z","buy"
"0.05230000","0.01000000","2024-06-22T12:11:25.573Z","buy"
"0.05230000","0.01000000","2024-06-22T12:11:24.959Z","buy"
"0.05230000","0.01000000","2024-06-22T12:11:24.428Z","buy"
"0.05230000","0.01000000","2024-06-22T12:11:23.893Z","buy"
"0.05230000","0.01000000","2024-06-22T12:11:23.373Z","buy"
"0.05230000","0.01000000","2024-06-22T12:11:22.776Z","buy"
"0.05230000","0.01000000","2024-06-22T12:11:22.092Z","buy"
"0.05230000","0.01000000","2024-06-22T12:11:21.547Z","buy"
"0.05230000","0.01000000","2024-06-22T12:11:20.994Z","buy"
"0.05230000","0.01000000","2024-06-22T12:11:20.435Z","buy"
"0.05230000","0.01000000","2024-06-22T12:11:19.799Z","buy"
"0.05230000","0.01000000","2024-06-22T12:11:19.302Z","buy"
"0.05230000","0.01000000","2024-06-22T12:11:18.781Z","buy"
"0.05230000","0.01000000","2024-06-22T12:11:18.262Z","buy"
"0.05230000","0.01000000","2024-06-22T12:11:17.742Z","buy"
"0.05230000","0.01000000","2024-06-22T12:11:17.217Z","buy"
"0.05230000","0.01000000","2024-06-22T12:11:16.682Z","buy"
"0.05230000","0.01000000","2024-06-22T12:11:16.227Z","buy"
"0.05230000","0.01000000","2024-06-22T12:11:15.780Z","buy"
"0.05230000","0.01000000","2024-06-22T12:11:15.288Z","buy"
"0.05230000","0.01000000","2024-06-22T12:11:14.758Z","buy"
"0.05230000","0.01000000","2024-06-22T12:11:14.237Z","buy"
"0.05230000","0.01000000","2024-06-22T12:11:13.718Z","buy"
"0.05230000","0.01000000","2024-06-22T12:11:13.239Z","buy"
"0.05230000","0.01000000","2024-06-22T12:11:12.741Z","buy"
"0.05230000","0.01000000","2024-06-22T12:11:12.240Z","buy"
"0.05230000","0.01000000","2024-06-22T12:11:11.683Z","buy"
"0.05230000","0.01000000","2024-06-22T12:11:11.177Z","buy"
"0.05230000","0.01000000","2024-06-22T12:11:10.722Z","buy"
"0.05230000","0.01000000","2024-06-22T12:11:10.201Z","buy"
"0.05230000","0.01000000","2024-06-22T12:11:09.742Z","buy"
"0.05230000","0.01000000","2024-06-22T12:11:09.241Z","buy"
"0.05230000","0.01000000","2024-06-22T12:11:08.715Z","buy"
"0.05230000","0.01000000","2024-06-22T12:11:08.210Z","buy"
"0.05230000","0.01000000","2024-06-22T12:11:07.684Z","buy"
"0.05230000","0.01000000","2024-06-22T12:11:07.187Z","buy"
"0.05230000","0.01000000","2024-06-22T12:11:06.706Z","buy"
"0.05230000","0.01000000","2024-06-22T12:11:06.206Z","buy"
"0.05230000","0.01000000","2024-06-22T12:11:05.707Z","buy"
"0.05230000","0.01000000","2024-06-22T12:11:05.114Z","buy"
"0.05230000","0.01000000","2024-06-22T12:11:04.633Z","buy"
"0.05230000","0.01000000","2024-06-22T12:11:04.119Z","buy"
"0.05230000","0.01000000","2024-06-22T12:11:03.588Z","buy"
"0.05230000","0.01000000","2024-06-22T12:11:03.178Z","buy"
"0.05230000","0.01000000","2024-06-22T12:11:02.698Z","buy"
"0.05230000","0.01000000","2024-06-22T12:11:02.187Z","buy"
"0.05230000","0.01000000","2024-06-22T12:11:01.702Z","buy"
"0.05230000","0.01000000","2024-06-22T12:11:01.204Z","buy"
"0.05230000","0.01000000","2024-06-22T12:11:00.678Z","buy"
"0.05230000","0.01000000","2024-06-22T12:11:00.216Z","buy"
"0.05230000","0.01000000","2024-06-22T12:10:59.709Z","buy"
"0.05230000","0.01000000","2024-06-22T12:10:59.175Z","buy"
"0.05230000","0.01000000","2024-06-22T12:10:58.574Z","buy"
"0.05230000","0.01000000","2024-06-22T12:10:58.083Z","buy"
"0.05230000","0.01000000","2024-06-22T12:10:57.574Z","buy"
"0.05230000","0.01000000","2024-06-22T12:10:57.065Z","buy"
"0.05230000","0.01000000","2024-06-22T12:10:56.571Z","buy"
"0.05230000","0.01000000","2024-06-22T12:10:56.125Z","buy"
"0.05230000","0.01000000","2024-06-22T12:10:55.586Z","buy"
"0.05230000","0.01000000","2024-06-22T12:10:55.076Z","buy"
"0.05230000","0.01000000","2024-06-22T12:10:54.643Z","buy"
"0.05230000","0.01000000","2024-06-22T12:10:54.207Z","buy"
"0.05230000","0.01000000","2024-06-22T12:10:53.774Z","buy"
"0.05230000","0.01000000","2024-06-22T12:10:53.322Z","buy"
"0.05230000","0.01000000","2024-06-22T12:10:52.878Z","buy"
"0.05230000","0.01000000","2024-06-22T12:10:52.394Z","buy"
"0.05230000","0.01000000","2024-06-22T12:10:51.885Z","buy"
"0.05230000","0.01000000","2024-06-22T12:10:51.410Z","buy"
"0.05230000","0.01000000","2024-06-22T12:10:50.963Z","buy"
"0.05230000","0.01000000","2024-06-22T12:10:50.456Z","buy"
"0.05230000","0.01000000","2024-06-22T12:10:50.004Z","buy"
"0.05230000","0.01000000","2024-06-22T12:10:49.507Z","buy"
"0.05230000","0.01000000","2024-06-22T12:10:48.968Z","buy"
"0.05230000","0.01000000","2024-06-22T12:10:48.436Z","buy"
"0.05230000","0.01000000","2024-06-22T12:10:47.968Z","buy"
"0.05230000","0.01000000","2024-06-22T12:10:47.456Z","buy"
"0.05230000","0.01000000","2024-06-22T12:10:46.998Z","buy"
"0.05230000","0.01000000","2024-06-22T12:10:46.509Z","buy"
"0.05230000","0.01000000","2024-06-22T12:10:46.021Z","buy"
"0.05230000","0.01000000","2024-06-22T12:10:45.558Z","buy"
"0.05230000","0.01000000","2024-06-22T12:10:45.061Z","buy"
"0.05230000","0.01000000","2024-06-22T12:10:44.559Z","buy"
"0.05230000","0.01000000","2024-06-22T12:10:44.078Z","buy"
"0.05230000","0.01000000","2024-06-22T12:10:43.612Z","buy"
"0.05230000","0.01000000","2024-06-22T12:10:43.116Z","buy"
"0.05230000","0.01000000","2024-06-22T12:10:42.617Z","buy"
"0.05230000","0.01000000","2024-06-22T12:10:42.130Z","buy"
"0.05230000","0.01000000","2024-06-22T12:10:41.611Z","buy"
"0.05230000","0.01000000","2024-06-22T12:10:41.130Z","buy"
"0.05230000","0.01000000","2024-06-22T12:10:40.717Z","buy"
"0.05230000","0.01000000","2024-06-22T12:10:40.258Z","buy"
"0.05230000","0.01000000","2024-06-22T12:10:39.766Z","buy"
"0.05230000","0.01000000","2024-06-22T12:10:39.280Z","buy"
"0.05230000","0.01000000","2024-06-22T12:10:38.783Z","buy"
"0.05230000","0.01000000","2024-06-22T12:10:38.302Z","buy"
"0.05230000","0.01000000","2024-06-22T12:10:37.797Z","buy"
"0.05230000","0.01000000","2024-06-22T12:10:37.301Z","buy"
"0.05230000","0.01000000","2024-06-22T12:10:36.774Z","buy"
"0.05230000","0.01000000","2024-06-22T12:10:36.277Z","buy"
"0.05230000","0.01000000","2024-06-22T12:10:35.791Z","buy"
"0.05230000","0.01000000","2024-06-22T12:10:35.296Z","buy"
"0.05230000","0.01000000","2024-06-22T12:10:34.834Z","buy"
"0.05230000","0.01000000","2024-06-22T12:10:34.340Z","buy"
"0.05230000","0.01000000","2024-06-22T12:10:33.830Z","buy"
"0.05230000","0.01000000","2024-06-22T12:10:33.336Z","buy"
"0.05230000","0.01000000","2024-06-22T12:10:32.813Z","buy"
"0.05230000","0.01000000","2024-06-22T12:10:32.330Z","buy"
"0.05230000","0.01000000","2024-06-22T12:10:31.827Z","buy"
"0.05230000","0.01000000","2024-06-22T12:10:31.328Z","buy"
"0.05230000","0.01000000","2024-06-22T12:10:30.844Z","buy"
"0.05230000","0.01000000","2024-06-22T12:10:30.305Z","buy"
"0.05230000","0.01000000","2024-06-22T12:10:29.803Z","buy"
"0.05230000","0.01000000","2024-06-22T12:10:29.215Z","buy"
"0.05230000","0.01000000","2024-06-22T12:10:28.713Z","buy"
"0.05230000","0.01000000","2024-06-22T12:10:28.232Z","buy"
"0.05230000","0.01000000","2024-06-22T12:10:27.741Z","buy"
"0.05230000","0.01000000","2024-06-22T12:10:27.278Z","buy"
"0.05230000","0.01000000","2024-06-22T12:10:26.711Z","buy"
"0.05230000","0.01000000","2024-06-22T12:10:26.214Z","buy"
"0.05230000","0.01000000","2024-06-22T12:10:25.771Z","buy"
"0.05230000","0.01000000","2024-06-22T12:10:25.310Z","buy"
"0.05230000","0.01000000","2024-06-22T12:10:24.827Z","buy"
"0.05230000","0.01000000","2024-06-22T12:10:24.284Z","buy"
"0.05230000","0.01000000","2024-06-22T12:10:23.680Z","buy"
"0.05230000","0.01000000","2024-06-22T12:10:23.172Z","buy"
"0.05230000","0.01000000","2024-06-22T12:10:22.672Z","buy"
"0.05230000","0.01000000","2024-06-22T12:10:22.151Z","buy"
"0.05230000","0.01000000","2024-06-22T12:10:21.664Z","buy"
"0.05230000","0.01000000","2024-06-22T12:10:21.143Z","buy"
"0.05230000","0.01000000","2024-06-22T12:10:20.632Z","buy"
"0.05230000","0.01000000","2024-06-22T12:10:20.086Z","buy"
"0.05230000","0.01000000","2024-06-22T12:10:19.469Z","buy"
"0.05230000","0.01000000","2024-06-22T12:10:18.966Z","buy"
"0.05230000","0.01000000","2024-06-22T12:10:18.459Z","buy"
"0.05230000","0.01000000","2024-06-22T12:10:17.996Z","buy"
"0.05230000","0.01000000","2024-06-22T12:10:17.547Z","buy"
"0.05230000","0.01000000","2024-06-22T12:10:17.042Z","buy"
"0.05230000","0.01000000","2024-06-22T12:10:16.546Z","buy"
"0.05230000","0.01000000","2024-06-22T12:10:16.030Z","buy"
"0.05230000","0.01000000","2024-06-22T12:10:15.324Z","buy"
"0.05230000","0.01000000","2024-06-22T12:10:14.874Z","buy"
"0.05230000","0.01000000","2024-06-22T12:10:14.408Z","buy"
"0.05230000","0.01000000","2024-06-22T12:10:13.949Z","buy"
"0.05230000","0.01000000","2024-06-22T12:10:13.446Z","buy"
"0.05230000","0.01000000","2024-06-22T12:10:12.874Z","buy"
"0.05230000","0.01000000","2024-06-22T12:10:12.449Z","buy"
"0.05230000","0.01000000","2024-06-22T12:10:11.948Z","buy"
"0.05230000","0.01000000","2024-06-22T12:10:11.351Z","buy"
"0.05230000","0.01000000","2024-06-22T12:10:10.858Z","buy"
"0.05230000","0.01000000","2024-06-22T12:10:10.369Z","buy"
"0.05230000","0.01000000","2024-06-22T12:10:09.913Z","buy"
"0.05230000","0.01000000","2024-06-22T12:10:09.468Z","buy"
"0.05230000","0.01000000","2024-06-22T12:10:09.052Z","buy"
"0.05230000","0.01000000","2024-06-22T12:10:08.472Z","buy"
"0.05230000","0.01000000","2024-06-22T12:10:07.948Z","buy"
"0.05230000","0.01000000","2024-06-22T12:10:07.443Z","buy"
"0.05230000","0.01000000","2024-06-22T12:10:06.922Z","buy"
"0.05230000","0.01000000","2024-06-22T12:10:06.413Z","buy"
"0.05230000","0.01000000","2024-06-22T12:10:05.869Z","buy"
"0.05230000","0.01000000","2024-06-22T12:10:05.404Z","buy"
"0.05230000","0.01000000","2024-06-22T12:10:04.901Z","buy"
"0.05230000","0.01000000","2024-06-22T12:10:04.450Z","buy"
"0.05230000","0.01000000","2024-06-22T12:10:03.943Z","buy"
"0.05230000","0.01000000","2024-06-22T12:10:03.432Z","buy"
"0.05230000","0.01000000","2024-06-22T12:10:02.838Z","buy"
"0.05230000","0.01000000","2024-06-22T12:10:02.347Z","buy"
"0.05230000","0.01000000","2024-06-22T12:10:01.882Z","buy"
"0.05230000","0.01000000","2024-06-22T12:10:01.367Z","buy"
"0.05230000","0.01000000","2024-06-22T12:10:00.867Z","buy"
"0.05230000","0.01000000","2024-06-22T12:10:00.323Z","buy"
"0.05230000","0.01000000","2024-06-22T12:09:59.777Z","buy"
"0.05230000","0.01000000","2024-06-22T12:09:59.314Z","buy"
"0.05230000","0.01000000","2024-06-22T12:09:58.788Z","buy"
"0.05230000","0.01000000","2024-06-22T12:09:58.275Z","buy"
"0.05230000","0.01000000","2024-06-22T12:09:57.780Z","buy"
"0.05230000","0.01000000","2024-06-22T12:09:57.351Z","buy"
"0.05230000","0.01000000","2024-06-22T12:09:56.811Z","buy"
"0.05230000","0.01000000","2024-06-22T12:09:56.218Z","buy"
"0.05230000","0.01000000","2024-06-22T12:09:55.702Z","buy"
"0.05230000","0.01000000","2024-06-22T12:09:55.213Z","buy"
"0.05230000","0.01000000","2024-06-22T12:09:54.656Z","buy"
"0.05230000","0.01000000","2024-06-22T12:09:54.127Z","buy"
"0.05230000","0.01000000","2024-06-22T12:09:53.471Z","buy"
"0.05230000","0.01000000","2024-06-22T12:09:52.701Z","buy"
"0.05230000","0.01000000","2024-06-22T12:09:52.022Z","buy"
"0.05230000","0.01000000","2024-06-22T12:09:51.226Z","buy"
"0.05230000","0.01000000","2024-06-22T12:09:50.725Z","buy"
"0.05230000","0.01000000","2024-06-22T12:09:50.095Z","buy"
"0.05230000","0.01000000","2024-06-22T12:09:48.580Z","buy"
"0.05230000","0.01000000","2024-06-22T12:09:48.090Z","buy"
"0.05230000","0.01000000","2024-06-22T12:09:47.572Z","buy"
"0.05230000","0.01000000","2024-06-22T12:09:47.057Z","buy"
"0.05230000","0.01000000","2024-06-22T12:09:46.560Z","buy"
"0.05230000","0.01000000","2024-06-22T12:09:46.005Z","buy"
"0.05230000","0.01000000","2024-06-22T12:09:45.528Z","buy"
"0.05230000","0.01000000","2024-06-22T12:09:45.068Z","buy"
"0.05230000","0.01000000","2024-06-22T12:09:44.531Z","buy"
"0.05230000","0.01000000","2024-06-22T12:09:44.023Z","buy"
"0.05230000","0.01000000","2024-06-22T12:09:43.493Z","buy"
"0.05230000","0.01000000","2024-06-22T12:09:42.945Z","buy"
"0.05230000","0.01000000","2024-06-22T12:09:42.421Z","buy"
"0.05230000","0.01000000","2024-06-22T12:09:41.798Z","buy"
"0.05230000","0.01000000","2024-06-22T12:09:41.253Z","buy"
"0.05230000","0.01000000","2024-06-22T12:09:40.683Z","buy"
"0.05230000","0.01000000","2024-06-22T12:09:40.128Z","buy"
"0.05230000","0.01000000","2024-06-22T12:09:39.469Z","buy"
"0.05230000","0.01000000","2024-06-22T12:09:38.932Z","buy"
"0.05230000","0.01000000","2024-06-22T12:09:38.434Z","buy"
"0.05230000","0.01000000","2024-06-22T12:09:37.895Z","buy"
"0.05230000","0.01000000","2024-06-22T12:09:37.381Z","buy"
"0.05230000","0.01000000","2024-06-22T12:09:36.856Z","buy"
"0.05230000","0.01000000","2024-06-22T12:09:36.299Z","buy"
"0.05230000","0.01000000","2024-06-22T12:09:35.730Z","buy"
"0.05230000","0.01000000","2024-06-22T12:09:35.195Z","buy"
"0.05230000","0.01000000","2024-06-22T12:09:34.540Z","buy"
"0.05230000","0.01000000","2024-06-22T12:09:33.853Z","buy"
"0.05230000","0.01000000","2024-06-22T12:09:33.322Z","buy"
"0.05230000","0.01000000","2024-06-22T12:09:32.802Z","buy"
"0.05230000","0.01000000","2024-06-22T12:09:32.267Z","buy"
"0.05230000","0.01000000","2024-06-22T12:09:31.721Z","buy"
"0.05230000","0.01000000","2024-06-22T12:09:31.211Z","buy"
"0.05230000","0.01000000","2024-06-22T12:09:30.667Z","buy"
"0.05230000","0.01000000","2024-06-22T12:09:30.124Z","buy"
"0.05230000","0.01000000","2024-06-22T12:09:29.561Z","buy"
"0.05230000","0.01000000","2024-06-22T12:09:28.965Z","buy"
"0.05230000","0.01000000","2024-06-22T12:09:28.410Z","buy"
"0.05230000","0.01000000","2024-06-22T12:09:27.832Z","buy"
"0.05230000","0.01000000","2024-06-22T12:09:27.264Z","buy"
"0.05230000","0.01000000","2024-06-22T12:09:26.692Z","buy"
"0.05230000","0.01000000","2024-06-22T12:09:26.160Z","buy"
"0.05230000","0.01000000","2024-06-22T12:09:25.632Z","buy"
"0.05230000","0.01000000","2024-06-22T12:09:25.182Z","buy"
"0.05230000","0.01000000","2024-06-22T12:09:24.625Z","buy"
"0.05230000","0.01000000","2024-06-22T12:09:24.097Z","buy"
"0.05230000","0.01000000","2024-06-22T12:09:23.526Z","buy"
"0.05230000","0.01000000","2024-06-22T12:09:22.994Z","buy"
"0.05230000","0.01000000","2024-06-22T12:09:22.439Z","buy"
"0.05230000","0.01000000","2024-06-22T12:09:21.893Z","buy"
"0.05230000","0.01000000","2024-06-22T12:09:21.320Z","buy"
"0.05230000","0.01000000","2024-06-22T12:09:20.753Z","buy"
"0.05230000","0.01000000","2024-06-22T12:09:20.255Z","buy"
"0.05230000","0.01000000","2024-06-22T12:09:19.693Z","buy"
"0.05230000","0.01000000","2024-06-22T12:09:19.171Z","buy"
"0.05230000","0.01000000","2024-06-22T12:09:18.612Z","buy"
"0.05230000","0.01000000","2024-06-22T12:09:18.071Z","buy"
"0.05230000","0.01000000","2024-06-22T12:09:17.466Z","buy"
"0.05230000","0.01000000","2024-06-22T12:09:16.972Z","buy"
"0.05230000","0.01000000","2024-06-22T12:09:16.409Z","buy"
"0.05230000","0.01000000","2024-06-22T12:09:15.792Z","buy"
"0.05230000","0.01000000","2024-06-22T12:09:15.264Z","buy"
"0.05230000","0.01000000","2024-06-22T12:09:14.687Z","buy"
"0.05230000","0.01000000","2024-06-22T12:09:14.099Z","buy"
"0.05230000","0.01000000","2024-06-22T12:09:13.485Z","buy"
"0.05230000","0.01000000","2024-06-22T12:09:12.923Z","buy"
"0.05230000","0.01000000","2024-06-22T12:09:12.323Z","buy"
"0.05230000","0.01000000","2024-06-22T12:09:11.736Z","buy"
"0.05230000","0.01000000","2024-06-22T12:09:11.140Z","buy"
"0.05230000","0.01000000","2024-06-22T12:09:10.433Z","buy"
"0.05230000","0.01000000","2024-06-22T12:09:09.886Z","buy"
"0.05230000","0.01000000","2024-06-22T12:09:09.342Z","buy"
"0.05230000","0.01000000","2024-06-22T12:09:08.786Z","buy"
"0.05230000","0.01000000","2024-06-22T12:09:08.238Z","buy"
"0.05230000","0.01000000","2024-06-22T12:09:07.737Z","buy"
"0.05230000","0.01000000","2024-06-22T12:09:07.188Z","buy"
"0.05230000","0.01000000","2024-06-22T12:09:06.619Z","buy"
"0.05230000","0.01000000","2024-06-22T12:09:05.896Z","buy"
"0.05230000","0.01000000","2024-06-22T12:09:05.330Z","buy"
"0.05230000","0.01000000","2024-06-22T12:09:04.859Z","buy"
"0.05230000","0.01000000","2024-06-22T12:09:04.323Z","buy"
"0.05230000","0.01000000","2024-06-22T12:09:03.750Z","buy"
"0.05230000","0.01000000","2024-06-22T12:09:03.214Z","buy"
"0.05230000","0.01000000","2024-06-22T12:09:02.636Z","buy"
"0.05230000","0.01000000","2024-06-22T12:09:02.033Z","buy"
"0.05230000","0.01000000","2024-06-22T12:09:01.472Z","buy"
"0.05230000","0.01000000","2024-06-22T12:09:00.895Z","buy"
"0.05230000","0.01000000","2024-06-22T12:09:00.337Z","buy"
"0.05230000","0.01000000","2024-06-22T12:08:59.788Z","buy"
"0.05230000","0.01000000","2024-06-22T12:08:59.208Z","buy"
"0.05230000","0.01000000","2024-06-22T12:08:58.625Z","buy"
"0.05230000","0.01000000","2024-06-22T12:08:58.054Z","buy"
"0.05230000","0.01000000","2024-06-22T12:08:57.479Z","buy"
"0.05230000","0.01000000","2024-06-22T12:08:56.960Z","buy"
"0.05230000","0.01000000","2024-06-22T12:08:56.447Z","buy"
"0.05230000","0.01000000","2024-06-22T12:08:55.877Z","buy"
"0.05230000","0.01000000","2024-06-22T12:08:55.233Z","buy"
"0.05230000","0.01000000","2024-06-22T12:08:54.629Z","buy"
"0.05230000","0.01000000","2024-06-22T12:08:54.064Z","buy"
"0.05230000","0.01000000","2024-06-22T12:08:53.540Z","buy"
"0.05230000","0.01000000","2024-06-22T12:08:53.037Z","buy"
"0.05230000","0.01000000","2024-06-22T12:08:52.461Z","buy"
"0.05230000","0.01000000","2024-06-22T12:08:51.920Z","buy"
"0.05230000","0.01000000","2024-06-22T12:08:51.375Z","buy"
"0.05230000","0.01000000","2024-06-22T12:08:50.818Z","buy"
"0.05230000","0.01000000","2024-06-22T12:08:50.320Z","buy"
"0.05230000","0.01000000","2024-06-22T12:08:49.740Z","buy"
"0.05230000","0.01000000","2024-06-22T12:08:49.149Z","buy"
"0.05230000","0.01000000","2024-06-22T12:08:48.623Z","buy"
"0.05230000","0.01000000","2024-06-22T12:08:48.158Z","buy"
"0.05230000","0.01000000","2024-06-22T12:08:47.654Z","buy"
"0.05230000","0.01000000","2024-06-22T12:08:47.180Z","buy"
"0.05230000","0.01000000","2024-06-22T12:08:46.632Z","buy"
"0.05230000","0.01000000","2024-06-22T12:08:46.106Z","buy"
"0.05230000","0.01000000","2024-06-22T12:08:45.575Z","buy"
"0.05230000","0.01000000","2024-06-22T12:08:44.991Z","buy"
"0.05230000","0.01000000","2024-06-22T12:08:44.452Z","buy"
"0.05230000","0.01000000","2024-06-22T12:08:43.921Z","buy"
"0.05230000","0.01000000","2024-06-22T12:08:43.351Z","buy"
"0.05230000","0.01000000","2024-06-22T12:08:42.805Z","buy"
"0.05230000","0.01000000","2024-06-22T12:08:42.240Z","buy"
"0.05230000","0.01000000","2024-06-22T12:08:41.639Z","buy"
"0.05230000","0.01000000","2024-06-22T12:08:41.109Z","buy"
"0.05230000","0.01000000","2024-06-22T12:08:40.572Z","buy"
"0.05230000","0.01000000","2024-06-22T12:08:40.054Z","buy"
"0.05230000","0.01000000","2024-06-22T12:08:39.529Z","buy"
"0.05230000","0.01000000","2024-06-22T12:08:39.055Z","buy"
"0.05230000","0.01000000","2024-06-22T12:08:38.574Z","buy"
"0.05230000","0.01000000","2024-06-22T12:08:38.126Z","buy"
"0.05230000","0.01000000","2024-06-22T12:08:37.599Z","buy"
"0.05230000","0.01000000","2024-06-22T12:08:37.165Z","buy"
"0.05230000","0.01000000","2024-06-22T12:08:36.644Z","buy"
"0.05230000","0.01000000","2024-06-22T12:08:36.081Z","buy"
"0.05230000","0.01000000","2024-06-22T12:08:35.496Z","buy"
"0.05230000","0.01000000","2024-06-22T12:08:34.959Z","buy"
"0.05230000","0.01000000","2024-06-22T12:08:34.464Z","buy"
"0.05230000","0.01000000","2024-06-22T12:08:33.968Z","buy"
"0.05230000","0.01000000","2024-06-22T12:08:33.462Z","buy"
"0.05230000","0.01000000","2024-06-22T12:08:32.965Z","buy"
"0.05230000","0.01000000","2024-06-22T12:08:32.430Z","buy"
"0.05230000","0.01000000","2024-06-22T12:08:31.997Z","buy"
"0.05230000","0.01000000","2024-06-22T12:08:31.473Z","buy"
"0.05230000","0.01000000","2024-06-22T12:08:31.012Z","buy"
"0.05230000","0.01000000","2024-06-22T12:08:30.494Z","buy"
"0.05230000","0.01000000","2024-06-22T12:08:29.980Z","buy"
"0.05230000","0.01000000","2024-06-22T12:08:29.453Z","buy"
"0.05230000","0.01000000","2024-06-22T12:08:28.867Z","buy"
"0.05230000","0.01000000","2024-06-22T12:08:28.378Z","buy"
"0.05230000","0.01000000","2024-06-22T12:08:27.861Z","buy"
"0.05230000","0.01000000","2024-06-22T12:08:27.354Z","buy"
"0.05230000","0.01000000","2024-06-22T12:08:26.802Z","buy"
"0.05230000","0.01000000","2024-06-22T12:08:26.325Z","buy"
"0.05230000","0.01000000","2024-06-22T12:08:25.829Z","buy"
"0.05230000","0.01000000","2024-06-22T12:08:25.274Z","buy"
"0.05230000","0.01000000","2024-06-22T12:08:24.735Z","buy"
"0.05230000","0.01000000","2024-06-22T12:08:24.172Z","buy"
"0.05230000","0.01000000","2024-06-22T12:08:23.436Z","buy"
"0.05230000","0.01000000","2024-06-22T12:08:22.935Z","buy"
"0.05230000","0.01000000","2024-06-22T12:08:22.452Z","buy"
"0.05230000","0.01000000","2024-06-22T12:08:21.937Z","buy"
"0.05230000","0.01000000","2024-06-22T12:08:21.310Z","buy"
"0.05230000","0.01000000","2024-06-22T12:08:20.849Z","buy"
"0.05230000","0.01000000","2024-06-22T12:08:20.317Z","buy"
"0.05230000","0.01000000","2024-06-22T12:08:19.838Z","buy"
"0.05230000","0.01000000","2024-06-22T12:08:19.292Z","buy"
"0.05230000","0.01000000","2024-06-22T12:08:18.742Z","buy"
"0.05230000","0.01000000","2024-06-22T12:08:18.265Z","buy"
"0.05230000","0.01000000","2024-06-22T12:08:17.791Z","buy"
"0.05230000","0.01000000","2024-06-22T12:08:17.333Z","buy"
"0.05230000","0.01000000","2024-06-22T12:08:16.808Z","buy"
"0.05230000","0.01000000","2024-06-22T12:08:16.274Z","buy"
"0.05230000","0.01000000","2024-06-22T12:08:15.748Z","buy"
"0.05230000","0.01000000","2024-06-22T12:08:15.188Z","buy"
"0.05230000","0.01000000","2024-06-22T12:08:14.661Z","buy"
"0.05230000","0.01000000","2024-06-22T12:08:14.041Z","buy"
"0.05230000","0.01000000","2024-06-22T12:08:13.482Z","buy"
"0.05230000","0.01000000","2024-06-22T12:08:12.829Z","buy"
"0.05230000","0.01000000","2024-06-22T12:08:12.343Z","buy"
"0.05230000","0.01000000","2024-06-22T12:08:11.864Z","buy"
"0.05230000","0.01000000","2024-06-22T12:08:11.424Z","buy"
"0.05230000","0.01000000","2024-06-22T12:08:10.935Z","buy"
"0.05230000","0.01000000","2024-06-22T12:08:10.403Z","buy"
"0.05230000","0.01000000","2024-06-22T12:08:09.909Z","buy"
"0.05230000","0.01000000","2024-06-22T12:08:09.357Z","buy"
"0.05230000","0.01000000","2024-06-22T12:08:08.837Z","buy"
"0.05230000","0.01000000","2024-06-22T12:08:08.341Z","buy"
"0.05230000","0.01000000","2024-06-22T12:08:07.813Z","buy"
"0.05230000","0.01000000","2024-06-22T12:08:07.329Z","buy"
"0.05230000","0.01000000","2024-06-22T12:08:06.890Z","buy"
"0.05230000","0.01000000","2024-06-22T12:08:06.379Z","buy"
"0.05230000","0.01000000","2024-06-22T12:08:05.875Z","buy"
"0.05230000","0.01000000","2024-06-22T12:08:05.403Z","buy"
"0.05230000","0.01000000","2024-06-22T12:08:04.882Z","buy"
"0.05230000","0.01000000","2024-06-22T12:08:04.354Z","buy"
"0.05230000","0.01000000","2024-06-22T12:08:03.888Z","buy"
"0.05230000","0.01000000","2024-06-22T12:08:03.446Z","buy"
"0.05230000","0.01000000","2024-06-22T12:08:02.928Z","buy"
"0.05230000","0.01000000","2024-06-22T12:08:02.477Z","buy"
"0.05230000","0.01000000","2024-06-22T12:08:01.967Z","buy"
"0.05230000","0.01000000","2024-06-22T12:08:01.423Z","buy"
"0.05230000","0.01000000","2024-06-22T12:08:00.805Z","buy"
"0.05230000","0.01000000","2024-06-22T12:08:00.374Z","buy"
"0.05230000","0.01000000","2024-06-22T12:07:59.869Z","buy"
"0.05230000","0.01000000","2024-06-22T12:07:59.362Z","buy"
"0.05230000","0.01000000","2024-06-22T12:07:58.881Z","buy"
"0.05230000","0.01000000","2024-06-22T12:07:58.280Z","buy"
"0.05230000","0.01000000","2024-06-22T12:07:57.778Z","buy"
"0.05230000","0.01000000","2024-06-22T12:07:57.245Z","buy"
"0.05230000","0.01000000","2024-06-22T12:07:56.632Z","buy"
"0.05230000","0.01000000","2024-06-22T12:07:56.119Z","buy"
"0.05230000","0.01000000","2024-06-22T12:07:55.622Z","buy"
"0.05230000","0.01000000","2024-06-22T12:07:55.082Z","buy"
"0.05230000","0.01000000","2024-06-22T12:07:54.546Z","buy"
"0.05230000","0.01000000","2024-06-22T12:07:54.025Z","buy"
"0.05230000","0.01000000","2024-06-22T12:07:53.534Z","buy"
"0.05230000","0.01000000","2024-06-22T12:07:53.074Z","buy"
"0.05230000","0.01000000","2024-06-22T12:07:52.603Z","buy"
"0.05230000","0.01000000","2024-06-22T12:07:52.136Z","buy"
"0.05230000","0.01000000","2024-06-22T12:07:51.667Z","buy"
"0.05230000","0.01000000","2024-06-22T12:07:51.196Z","buy"
"0.05230000","0.01000000","2024-06-22T12:07:50.749Z","buy"
"0.05230000","0.01000000","2024-06-22T12:07:50.362Z","buy"
"0.05230000","0.01000000","2024-06-22T12:07:49.851Z","buy"
"0.05230000","0.01000000","2024-06-22T12:07:49.427Z","buy"
"0.05230000","0.01000000","2024-06-22T12:07:48.938Z","buy"
"0.05230000","0.01000000","2024-06-22T12:07:48.466Z","buy"
"0.05230000","0.01000000","2024-06-22T12:07:47.952Z","buy"
"0.05230000","0.01000000","2024-06-22T12:07:47.511Z","buy"
"0.05230000","0.01000000","2024-06-22T12:07:47.037Z","buy"
"0.05230000","0.01000000","2024-06-22T12:07:46.556Z","buy"
"0.05230000","0.01000000","2024-06-22T12:07:46.065Z","buy"
"0.05230000","0.01000000","2024-06-22T12:07:45.551Z","buy"
"0.05230000","0.01000000","2024-06-22T12:07:44.917Z","buy"
"0.05230000","0.01000000","2024-06-22T12:07:44.401Z","buy"
"0.05230000","0.01000000","2024-06-22T12:07:43.747Z","buy"
"0.05230000","0.01000000","2024-06-22T12:07:43.261Z","buy"
"0.05230000","0.01000000","2024-06-22T12:07:42.732Z","buy"
"0.05230000","0.01000000","2024-06-22T12:07:42.248Z","buy"
"0.05230000","0.01000000","2024-06-22T12:07:41.837Z","buy"
"0.05230000","0.01000000","2024-06-22T12:07:41.327Z","buy"
"0.05230000","0.01000000","2024-06-22T12:07:40.838Z","buy"
"0.05230000","0.01000000","2024-06-22T12:07:40.419Z","buy"
"0.05230000","0.01000000","2024-06-22T12:07:39.905Z","buy"
"0.05230000","0.01000000","2024-06-22T12:07:39.408Z","buy"
"0.05230000","0.01000000","2024-06-22T12:07:39.016Z","buy"
"0.05230000","0.01000000","2024-06-22T12:07:38.505Z","buy"
"0.05230000","0.01000000","2024-06-22T12:07:37.906Z","buy"
"0.05230000","0.01000000","2024-06-22T12:07:37.424Z","buy"
"0.05230000","0.01000000","2024-06-22T12:07:36.965Z","buy"
"0.05230000","0.01000000","2024-06-22T12:07:36.488Z","buy"
"0.05230000","0.01000000","2024-06-22T12:07:36.012Z","buy"
"0.05230000","0.01000000","2024-06-22T12:07:35.528Z","buy"
"0.05230000","0.01000000","2024-06-22T12:07:34.994Z","buy"
"0.05230000","0.01000000","2024-06-22T12:07:34.465Z","buy"
"0.05230000","0.01000000","2024-06-22T12:07:33.960Z","buy"
"0.05230000","0.01000000","2024-06-22T12:07:33.452Z","buy"
"0.05230000","0.01000000","2024-06-22T12:07:32.981Z","buy"
"0.05230000","0.01000000","2024-06-22T12:07:32.471Z","buy"
"0.05230000","0.01000000","2024-06-22T12:07:31.925Z","buy"
"0.05230000","0.01000000","2024-06-22T12:07:31.373Z","buy"
"0.05230000","0.01000000","2024-06-22T12:07:30.857Z","buy"
"0.05230000","0.01000000","2024-06-22T12:07:30.368Z","buy"
"0.05230000","0.01000000","2024-06-22T12:07:29.951Z","buy"
"0.05230000","0.01000000","2024-06-22T12:07:29.431Z","buy"
"0.05230000","0.01000000","2024-06-22T12:07:28.895Z","buy"
"0.05230000","0.01000000","2024-06-22T12:07:28.412Z","buy"
"0.05230000","0.01000000","2024-06-22T12:07:27.634Z","buy"
"0.05230000","0.01000000","2024-06-22T12:07:27.066Z","buy"
"0.05230000","0.01000000","2024-06-22T12:07:26.467Z","buy"
"0.05230000","0.01000000","2024-06-22T12:07:26.054Z","buy"
"0.05230000","0.01000000","2024-06-22T12:07:25.559Z","buy"
"0.05230000","0.01000000","2024-06-22T12:07:25.074Z","buy"
"0.05230000","0.01000000","2024-06-22T12:07:24.537Z","buy"
"0.05230000","0.01000000","2024-06-22T12:07:24.060Z","buy"
"0.05230000","0.01000000","2024-06-22T12:07:23.636Z","buy"
"0.05230000","0.01000000","2024-06-22T12:07:23.193Z","buy"
"0.05230000","0.01000000","2024-06-22T12:07:22.543Z","buy"
"0.05230000","0.01000000","2024-06-22T12:07:22.031Z","buy"
"0.05230000","0.01000000","2024-06-22T12:07:21.590Z","buy"
"0.05230000","0.01000000","2024-06-22T12:07:21.099Z","buy"
"0.05230000","0.01000000","2024-06-22T12:07:20.616Z","buy"
"0.05230000","0.01000000","2024-06-22T12:07:20.165Z","buy"
"0.05230000","0.01000000","2024-06-22T12:07:19.674Z","buy"
"0.05230000","0.01000000","2024-06-22T12:07:19.146Z","buy"
"0.05230000","0.01000000","2024-06-22T12:07:18.615Z","buy"
"0.05230000","0.01000000","2024-06-22T12:07:18.118Z","buy"
"0.05230000","0.01000000","2024-06-22T12:07:17.580Z","buy"
"0.05230000","0.01000000","2024-06-22T12:07:17.073Z","buy"
"0.05230000","0.01000000","2024-06-22T12:07:16.578Z","buy"
"0.05230000","0.01000000","2024-06-22T12:07:16.077Z","buy"
"0.05230000","0.01000000","2024-06-22T12:07:15.536Z","buy"
"0.05230000","0.01000000","2024-06-22T12:07:14.877Z","buy"
"0.05230000","0.01000000","2024-06-22T12:07:14.405Z","buy"
"0.05230000","0.01000000","2024-06-22T12:07:13.879Z","buy"
"0.05230000","0.01000000","2024-06-22T12:07:13.382Z","buy"
"0.05230000","0.01000000","2024-06-22T12:07:12.838Z","buy"
"0.05230000","0.01000000","2024-06-22T12:07:12.340Z","buy"
"0.05230000","0.01000000","2024-06-22T12:07:11.867Z","buy"
"0.05230000","0.01000000","2024-06-22T12:07:11.381Z","buy"
"0.05230000","0.01000000","2024-06-22T12:07:10.901Z","buy"
"0.05230000","0.01000000","2024-06-22T12:07:10.425Z","buy"
"0.05230000","0.01000000","2024-06-22T12:07:09.948Z","buy"
"0.05230000","0.01000000","2024-06-22T12:07:09.513Z","buy"
"0.05230000","0.01000000","2024-06-22T12:07:09.009Z","buy"
"0.05230000","0.01000000","2024-06-22T12:07:08.540Z","buy"
"0.05230000","0.01000000","2024-06-22T12:07:08.124Z","buy"
"0.05230000","0.01000000","2024-06-22T12:07:07.611Z","buy"
"0.05230000","0.01000000","2024-06-22T12:07:07.089Z","buy"
"0.05230000","0.01000000","2024-06-22T12:07:06.493Z","buy"
"0.05230000","0.01000000","2024-06-22T12:07:06.022Z","buy"
"0.05230000","0.01000000","2024-06-22T12:07:05.517Z","buy"
"0.05230000","0.01000000","2024-06-22T12:07:05.077Z","buy"
"0.05230000","0.01000000","2024-06-22T12:07:04.562Z","buy"
"0.05230000","0.01000000","2024-06-22T12:07:04.028Z","buy"
"0.05230000","0.01000000","2024-06-22T12:07:03.507Z","buy"
"0.05230000","0.01000000","2024-06-22T12:07:03.013Z","buy"
"0.05230000","0.01000000","2024-06-22T12:07:02.549Z","buy"
"0.05230000","0.01000000","2024-06-22T12:07:02.059Z","buy"
"0.05230000","0.01000000","2024-06-22T12:07:01.486Z","buy"
"0.05230000","0.01000000","2024-06-22T12:07:00.819Z","buy"
"0.05230000","0.01000000","2024-06-22T12:07:00.263Z","buy"
"0.05230000","0.01000000","2024-06-22T12:06:59.771Z","buy"
"0.05230000","0.01000000","2024-06-22T12:06:59.114Z","buy"
"0.05230000","0.01000000","2024-06-22T12:06:58.498Z","buy"
"0.05230000","0.01000000","2024-06-22T12:06:57.921Z","buy"
"0.05230000","0.01000000","2024-06-22T12:06:57.445Z","buy"
"0.05230000","0.01000000","2024-06-22T12:06:56.881Z","buy"
"0.05230000","0.01000000","2024-06-22T12:06:56.285Z","buy"
"0.05230000","0.01000000","2024-06-22T12:06:55.770Z","buy"
"0.05230000","0.01000000","2024-06-22T12:06:55.218Z","buy"
"0.05230000","0.01000000","2024-06-22T12:06:54.461Z","buy"
"0.05230000","0.01000000","2024-06-22T12:06:53.931Z","buy"
"0.05230000","0.01000000","2024-06-22T12:06:53.425Z","buy"
"0.05230000","0.01000000","2024-06-22T12:06:52.790Z","buy"
"0.05230000","0.01000000","2024-06-22T12:06:52.276Z","buy"
"0.05230000","0.01000000","2024-06-22T12:06:51.591Z","buy"
"0.05230000","0.01000000","2024-06-22T12:06:51.099Z","buy"
"0.05230000","0.01000000","2024-06-22T12:06:50.326Z","buy"
"0.05230000","0.01000000","2024-06-22T12:06:49.834Z","buy"
"0.05230000","0.01000000","2024-06-22T12:06:49.311Z","buy"
"0.05230000","0.01000000","2024-06-22T12:06:48.684Z","buy"
"0.05230000","0.01000000","2024-06-22T12:06:48.113Z","buy"
"0.05230000","0.01000000","2024-06-22T12:06:47.550Z","buy"
"0.05230000","0.01000000","2024-06-22T12:06:46.989Z","buy"
"0.05230000","0.01000000","2024-06-22T12:06:46.458Z","buy"
"0.05230000","0.01000000","2024-06-22T12:06:45.913Z","buy"
"0.05230000","0.01000000","2024-06-22T12:06:45.400Z","buy"
"0.05230000","0.01000000","2024-06-22T12:06:44.850Z","buy"
"0.05230000","0.01000000","2024-06-22T12:06:44.321Z","buy"
"0.05230000","0.01000000","2024-06-22T12:06:43.775Z","buy"
"0.05230000","0.01000000","2024-06-22T12:06:43.182Z","buy"
"0.05230000","0.01000000","2024-06-22T12:06:42.627Z","buy"
"0.05230000","0.01000000","2024-06-22T12:06:42.033Z","buy"
"0.05230000","0.01000000","2024-06-22T12:06:41.424Z","buy"
"0.05230000","0.01000000","2024-06-22T12:06:40.892Z","buy"
"0.05230000","0.01000000","2024-06-22T12:06:40.337Z","buy"
"0.05230000","0.01000000","2024-06-22T12:06:39.772Z","buy"
"0.05230000","0.01000000","2024-06-22T12:06:39.193Z","buy"
"0.05230000","0.01000000","2024-06-22T12:06:38.557Z","buy"
"0.05230000","0.01000000","2024-06-22T12:06:37.975Z","buy"
"0.05230000","0.01000000","2024-06-22T12:06:37.464Z","buy"
"0.05230000","0.01000000","2024-06-22T12:06:36.927Z","buy"