"time","open","high","low","close","volume"
"2022-05-31T00:00:00.000Z","1997.92","2015.05","1921.72","1940.58","49714.45770320"
"2022-06-01T00:00:00.000Z","1940.57","1971.26","1762.00","1816.40","64040.43268337"
"2022-06-02T00:00:00.000Z","1816.21","1852.05","1781.34","1832.40","44216.32057260"
"2022-06-03T00:00:00.000Z","1832.47","1841.32","1736.00","1773.51","38050.76146098"
"2022-06-04T00:00:00.000Z","1773.51","1815.00","1748.00","1803.67","30450.50837357"
"2022-06-05T00:00:00.000Z","1803.66","1827.60","1769.37","1804.87","17239.73737736"
"2022-06-06T00:00:00.000Z","1805.10","1918.07","1803.93","1859.25","49893.25112743"
"2022-06-07T00:00:00.000Z","1859.25","1875.36","1723.61","1812.23","46155.98830475"
"2022-06-08T00:00:00.000Z","1812.73","1836.17","1765.00","1791.62","27268.00534166"
"2022-06-09T00:00:00.000Z","1790.44","1831.11","1777.23","1786.85","12952.00874699"
"2022-06-10T00:00:00.000Z","1787.33","1801.20","1652.75","1660.55","62366.54302151"
"2022-06-11T00:00:00.000Z","1660.55","1680.51","1498.46","1529.92","87525.53594719"
"2022-06-12T00:00:00.000Z","1531.02","1544.13","1421.00","1433.80","77877.54049565"
"2022-06-13T00:00:00.000Z","1431.96","1452.48","1163.71","1210.21","195622.68587251"
"2022-06-14T00:00:00.000Z","1208.07","1265.98","1073.00","1206.53","137888.63034778"
"2022-06-15T00:00:00.000Z","1207.43","1246.63","1013.57","1236.43","211524.39052101"
"2022-06-16T00:00:00.000Z","1236.46","1256.31","1050.56","1067.29","75028.48240421"
"2022-06-17T00:00:00.000Z","1067.25","1115.76","1050.00","1085.25","53578.68057820"
"2022-06-18T00:00:00.000Z","1085.56","1096.03","880.31","994.60","152964.26878665"
"2022-06-19T00:00:00.000Z","993.81","1174.00","935.17","1127.17","94667.87720636"
"2022-06-20T00:00:00.000Z","1127.17","1169.87","1051.48","1127.51","65741.94067679"
"2022-06-21T00:00:00.000Z","1127.51","1192.40","1108.59","1124.52","63600.98649166"
"2022-06-22T00:00:00.000Z","1124.52","1125.52","1042.95","1048.43","58098.34725377"
"2022-06-23T00:00:00.000Z","1048.51","1153.12","1045.00","1143.24","47990.09537366"
"2022-06-24T00:00:00.000Z","1143.48","1244.00","1131.00","1224.51","59110.66309960"
"2022-06-25T00:00:00.000Z","1224.45","1256.28","1178.64","1241.27","39695.80273553"
"2022-06-26T00:00:00.000Z","1241.44","1281.89","1194.26","1197.82","55516.04042009"
"2022-06-27T00:00:00.000Z","1197.24","1236.75","1171.28","1190.12","40685.75004767"
"2022-06-28T00:00:00.000Z","1190.42","1235.93","1135.54","1142.13","55599.57479885"
"2022-06-29T00:00:00.000Z","1142.32","1154.38","1086.00","1097.99","48668.62902372"
"2022-06-30T00:00:00.000Z","1098.55","1105.06","997.00","1069.95","83726.18345899"
"2022-07-01T00:00:00.000Z","1069.96","1115.84","1032.21","1057.81","55797.45582333"
"2022-07-02T00:00:00.000Z","1057.92","1076.85","1025.54","1066.44","30871.87101700"
"2022-07-03T00:00:00.000Z","1065.95","1087.00","1040.37","1072.80","26832.09696474"
"2022-07-04T00:00:00.000Z","1073.89","1158.43","1043.11","1148.92","46655.44230173"
"2022-07-05T00:00:00.000Z","1149.71","1172.78","1076.12","1131.08","59620.15238478"
"2022-07-06T00:00:00.000Z","1131.05","1194.68","1110.95","1185.68","43460.54315202"
"2022-07-07T00:00:00.000Z","1186.87","1253.82","1162.70","1238.05","41989.01658257"
"2022-07-08T00:00:00.000Z","1236.84","1276.85","1192.92","1214.47","48468.67782000"
"2022-07-09T00:00:00.000Z","1214.07","1234.17","1205.00","1215.82","15755.98261403"
"2022-07-10T00:00:00.000Z","1216.11","1218.41","1153.24","1167.21","36367.86789549"
"2022-07-11T00:00:00.000Z","1167.57","1169.64","1091.45","1095.99","37199.35896230"
"2022-07-12T00:00:00.000Z","1095.78","1096.46","1033.17","1037.02","38611.71455578"
"2022-07-13T00:00:00.000Z","1037.31","1117.35","1006.03","1114.73","66731.84631157"
"2022-07-14T00:00:00.000Z","1114.22","1213.42","1071.38","1191.78","67327.21115306"
"2022-07-15T00:00:00.000Z","1191.78","1286.69","1180.37","1230.80","90036.65371097"
"2022-07-16T00:00:00.000Z","1230.71","1424.08","1192.45","1357.24","77962.49999947"
"2022-07-17T00:00:00.000Z","1355.59","1386.83","1319.77","1338.08","39424.10161277"
"2022-07-18T00:00:00.000Z","1338.51","1597.31","1336.30","1582.69","139352.40546351"
"2022-07-19T00:00:00.000Z","1582.24","1633.88","1493.22","1541.76","81135.30777126"
"2022-07-20T00:00:00.000Z","1542.25","1622.94","1482.66","1521.61","58912.46569922"
"2022-07-21T00:00:00.000Z","1520.82","1605.00","1464.46","1576.02","45577.73473870"
"2022-07-22T00:00:00.000Z","1575.24","1647.18","1517.16","1535.72","51072.85757222"
"2022-07-23T00:00:00.000Z","1535.42","1596.25","1488.53","1549.85","29823.84270532"
"2022-07-24T00:00:00.000Z","1550.87","1662.49","1547.54","1595.81","34869.41938235"
"2022-07-25T00:00:00.000Z","1596.96","1609.15","1435.36","1438.80","64032.14013894"
"2022-07-26T00:00:00.000Z","1439.73","1455.00","1355.34","1449.20","59171.36422781"
"2022-07-27T00:00:00.000Z","1449.34","1643.64","1421.27","1637.83","66184.41008135"
"2022-07-28T00:00:00.000Z","1637.83","1784.00","1596.18","1725.49","80232.16199344"
"2022-07-29T00:00:00.000Z","1725.78","1766.40","1657.86","1721.07","53612.98426091"
"2022-07-30T00:00:00.000Z","1722.68","1744.38","1674.29","1697.01","37458.79363147"
"2022-07-31T00:00:00.000Z","1696.04","1754.32","1667.00","1680.62","31633.24779738"
"2022-08-01T00:00:00.000Z","1680.34","1705.00","1607.68","1631.16","43779.65532302"
"2022-08-02T00:00:00.000Z","1630.83","1680.54","1559.18","1631.85","51217.51084412"
"2022-08-03T00:00:00.000Z","1631.85","1685.40","1589.37","1618.99","37394.41188116"
"2022-08-04T00:00:00.000Z","1619.02","1663.65","1580.00","1606.61","55805.49985013"
"2022-08-05T00:00:00.000Z","1608.31","1740.00","1606.50","1738.19","53078.29291121"
"2022-08-06T00:00:00.000Z","1737.49","1748.59","1685.22","1689.19","18221.63491558"
"2022-08-07T00:00:00.000Z","1691.03","1728.66","1668.90","1700.82","15049.91864752"
"2022-08-08T00:00:00.000Z","1700.37","1818.55","1696.00","1780.97","52045.15049619"
"2022-08-09T00:00:00.000Z","1777.92","1790.11","1668.86","1703.25","59438.56083483"
"2022-08-10T00:00:00.000Z","1703.06","1885.99","1655.01","1853.82","70602.94497992"
"2022-08-11T00:00:00.000Z","1853.82","1943.00","1851.35","1880.91","69709.74321133"
"2022-08-12T00:00:00.000Z","1880.94","1964.99","1853.45","1960.00","36039.24315131"
"2022-08-13T00:00:00.000Z","1960.01","2021.61","1946.30","1983.61","48891.35990696"
"2022-08-14T00:00:00.000Z","1984.39","2029.90","1905.33","1936.22","29399.58048612"
"2022-08-15T00:00:00.000Z","1935.44","2011.72","1873.50","1900.30","52022.16016036"
"2022-08-16T00:00:00.000Z","1899.01","1914.50","1854.00","1877.51","31298.34084531"
"2022-08-17T00:00:00.000Z","1877.00","1956.88","1820.01","1833.00","48845.67387282"
"2022-08-18T00:00:00.000Z","1833.00","1882.19","1820.00","1847.46","31688.06098489"
"2022-08-19T00:00:00.000Z","1846.91","1846.91","1604.78","1609.82","105147.85112975"
"2022-08-20T00:00:00.000Z","1609.82","1656.74","1524.36","1575.70","63097.01882455"
"2022-08-21T00:00:00.000Z","1575.87","1644.99","1563.49","1617.51","41484.21479795"
"2022-08-22T00:00:00.000Z","1618.11","1629.19","1530.34","1624.67","42473.66249599"
"2022-08-23T00:00:00.000Z","1624.95","1674.25","1563.97","1663.97","36821.05395859"
"2022-08-24T00:00:00.000Z","1666.22","1693.20","1605.81","1656.64","25843.63308750"
"2022-08-25T00:00:00.000Z","1656.28","1723.07","1655.74","1695.74","32414.39056387"
"2022-08-26T00:00:00.000Z","1694.81","1707.03","1488.00","1508.42","87740.33931649"
"2022-08-27T00:00:00.000Z","1507.58","1517.93","1448.00","1490.55","43258.58916305"
"2022-08-28T00:00:00.000Z","1490.55","1510.27","1423.35","1425.38","30305.18686914"
"2022-08-29T00:00:00.000Z","1426.22","1560.82","1423.86","1552.52","62229.31395705"
"2022-08-30T00:00:00.000Z","1552.25","1605.00","1473.23","1523.87","53668.70148311"
"2022-08-31T00:00:00.000Z","1524.34","1619.37","1524.34","1554.82","44882.21325689"
"2022-09-01T00:00:00.000Z","1553.91","1598.26","1513.47","1585.86","36124.86295722"
"2022-09-02T00:00:00.000Z","1586.18","1648.99","1545.67","1576.89","50304.95085495"
"2022-09-03T00:00:00.000Z","1575.52","1582.68","1535.27","1557.46","17426.89428699"
"2022-09-04T00:00:00.000Z","1557.36","1583.25","1540.83","1579.12","13822.83941744"
"2022-09-05T00:00:00.000Z","1579.13","1630.25","1558.28","1617.04","35103.76662186"
"2022-09-06T00:00:00.000Z","1617.79","1686.19","1553.59","1557.71","66969.85151161"
"2022-09-07T00:00:00.000Z","1557.71","1657.77","1490.00","1630.30","52698.59305219"
"2022-09-08T00:00:00.000Z","1630.31","1663.89","1596.00","1636.04","58307.23568857"
"2022-09-09T00:00:00.000Z","1636.05","1746.00","1631.99","1720.00","58515.23080912"
"2022-09-10T00:00:00.000Z","1719.41","1788.48","1708.00","1774.51","20363.40551138"
"2022-09-11T00:00:00.000Z","1774.99","1789.00","1720.42","1766.50","21219.74360400"
"2022-09-12T00:00:00.000Z","1766.49","1782.63","1694.00","1716.71","26571.01589459"
"2022-09-13T00:00:00.000Z","1716.57","1759.00","1562.11","1573.79","60526.68288896"
"2022-09-14T00:00:00.000Z","1573.80","1648.82","1552.08","1638.75","43884.97834062"
"2022-09-15T00:00:00.000Z","1638.65","1653.19","1458.55","1471.82","82862.58310207"
"2022-09-16T00:00:00.000Z","1471.82","1483.38","1406.40","1433.25","47265.94817159"
"2022-09-17T00:00:00.000Z","1433.85","1474.89","1408.66","1469.76","22240.47730990"
"2022-09-18T00:00:00.000Z","1469.76","1469.76","1325.38","1334.77","49767.10294180"
"2022-09-19T00:00:00.000Z","1334.67","1392.46","1281.26","1376.45","56178.80529383"
"2022-09-20T00:00:00.000Z","1376.42","1384.08","1313.75","1323.18","31358.81644382"
"2022-09-21T00:00:00.000Z","1323.18","1419.00","1219.33","1244.89","95841.35856950"
"2022-09-22T00:00:00.000Z","1245.76","1348.00","1237.94","1326.45","48964.18560536"
"2022-09-23T00:00:00.000Z","1326.39","1359.27","1262.74","1328.02","43939.42610430"
"2022-09-24T00:00:00.000Z","1328.08","1348.00","1307.44","1317.54","32387.60285420"
"2022-09-25T00:00:00.000Z","1317.10","1336.54","1269.77","1293.72","12323.80249391"
"2022-09-26T00:00:00.000Z","1294.04","1340.08","1277.77","1336.92","26787.39719737"
"2022-09-27T00:00:00.000Z","1336.55","1399.59","1303.74","1328.29","47501.68308056"
"2022-09-28T00:00:00.000Z","1328.29","1355.17","1253.54","1336.86","97141.86950773"
"2022-09-29T00:00:00.000Z","1337.69","1351.29","1289.35","1335.94","35563.59778282"
"2022-09-30T00:00:00.000Z","1335.83","1373.00","1309.40","1328.43","120840.09596249"
"2022-10-01T00:00:00.000Z","1328.43","1333.78","1303.59","1311.89","14845.87311332"
"2022-10-02T00:00:00.000Z","1310.70","1317.61","1268.45","1275.02","18597.47539304"
"2022-10-03T00:00:00.000Z","1276.80","1329.64","1264.00","1323.50","25892.38510508"
"2022-10-04T00:00:00.000Z","1323.52","1369.59","1319.26","1362.02","52223.15788657"
"2022-10-05T00:00:00.000Z","1361.95","1363.88","1316.20","1352.76","41101.31600075"
"2022-10-06T00:00:00.000Z","1352.75","1385.48","1347.63","1352.53","27438.85905066"
"2022-10-07T00:00:00.000Z","1352.48","1361.48","1318.02","1331.61","30268.17572662"
"2022-10-08T00:00:00.000Z","1331.60","1337.30","1305.00","1315.25","9783.40981329"
"2022-10-09T00:00:00.000Z","1315.26","1328.96","1308.05","1323.22","7986.83947113"
"2022-10-10T00:00:00.000Z","1323.05","1337.62","1287.31","1290.65","24663.33937408"
"2022-10-11T00:00:00.000Z","1290.65","1297.63","1268.00","1279.44","42020.72429092"
"2022-10-12T00:00:00.000Z","1279.43","1306.36","1275.62","1294.38","17379.34939354"
"2022-10-13T00:00:00.000Z","1293.95","1300.00","1188.42","1287.43","79017.60551847"
"2022-10-14T00:00:00.000Z","1287.21","1343.38","1282.72","1297.11","40261.01667908"
"2022-10-15T00:00:00.000Z","1297.07","1300.99","1262.29","1274.38","14995.54517116"
"2022-10-16T00:00:00.000Z","1274.97","1315.22","1274.69","1306.40","20119.77514916"
"2022-10-17T00:00:00.000Z","1306.46","1338.00","1295.14","1331.55","27868.72564569"
"2022-10-18T00:00:00.000Z","1331.55","1341.11","1287.75","1309.98","27524.25840414"
"2022-10-19T00:00:00.000Z","1309.99","1313.57","1280.19","1284.61","17420.32443627"
"2022-10-20T00:00:00.000Z","1284.60","1310.00","1270.57","1282.55","22597.53578910"
"2022-10-21T00:00:00.000Z","1282.41","1306.61","1252.67","1299.54","27626.82748583"
"2022-10-22T00:00:00.000Z","1299.59","1321.12","1295.00","1313.77","11136.00796309"
"2022-10-23T00:00:00.000Z","1313.83","1370.25","1298.80","1364.01","24061.24337883"
"2022-10-24T00:00:00.000Z","1364.09","1369.80","1324.48","1344.70","32559.45586222"
"2022-10-25T00:00:00.000Z","1344.69","1526.22","1335.25","1460.31","79968.47305692"
"2022-10-26T00:00:00.000Z","1460.24","1593.98","1458.70","1566.32","90675.23952291"
"2022-10-27T00:00:00.000Z","1566.35","1578.96","1503.86","1513.81","41229.68687491"
"2022-10-28T00:00:00.000Z","1514.15","1575.00","1481.23","1554.72","51217.39130469"
"2022-10-29T00:00:00.000Z","1554.95","1664.17","1548.80","1620.41","41349.78084933"
"2022-10-30T00:00:00.000Z","1620.41","1639.04","1577.17","1591.41","23794.87031042"
"2022-10-31T00:00:00.000Z","1591.41","1634.40","1546.93","1573.44","35376.86496280"
"2022-11-01T00:00:00.000Z","1573.00","1613.11","1564.26","1578.60","19248.27788090"
"2022-11-02T00:00:00.000Z","1578.65","1619.84","1501.51","1519.01","61089.70240149"
"2022-11-03T00:00:00.000Z","1519.01","1559.00","1516.42","1531.20","25372.71742509"
"2022-11-04T00:00:00.000Z","1531.16","1676.71","1528.82","1644.77","51758.61571772"
"2022-11-05T00:00:00.000Z","1645.02","1666.01","1622.50","1627.60","14439.80804719"
"2022-11-06T00:00:00.000Z","1627.40","1639.09","1564.24","1568.26","21876.61954787"
"2022-11-07T00:00:00.000Z","1568.21","1609.12","1546.02","1567.84","34728.17215946"
"2022-11-08T00:00:00.000Z","1568.25","1580.00","1221.49","1334.60","216728.99444892"
"2022-11-09T00:00:00.000Z","1334.54","1337.05","1070.00","1098.32","229817.78029778"
"2022-11-10T00:00:00.000Z","1099.45","1350.00","1085.37","1295.02","134366.01936692"
"2022-11-11T00:00:00.000Z","1295.06","1307.70","1198.88","1285.28","115919.76173717"
"2022-11-12T00:00:00.000Z","1285.58","1288.76","1236.54","1253.78","22318.48964904"
"2022-11-13T00:00:00.000Z","1253.93","1271.40","1200.48","1220.00","28313.00619420"
"2022-11-14T00:00:00.000Z","1219.94","1288.79","1170.96","1241.27","65249.54518630"
"2022-11-15T00:00:00.000Z","1241.71","1290.49","1232.24","1251.53","54389.73546468"
"2022-11-16T00:00:00.000Z","1251.53","1266.80","1183.97","1215.28","55592.46801369"
"2022-11-17T00:00:00.000Z","1215.48","1226.77","1181.92","1199.50","30713.23770442"
"2022-11-18T00:00:00.000Z","1199.48","1233.00","1198.57","1211.69","20110.26251199"
"2022-11-19T00:00:00.000Z","1211.68","1231.78","1196.77","1217.03","9453.38779800"
"2022-11-20T00:00:00.000Z","1217.02","1224.32","1131.68","1141.12","37817.61053710"
"2022-11-21T00:00:00.000Z","1141.12","1143.96","1078.61","1105.38","79432.66275031"
"2022-11-22T00:00:00.000Z","1105.49","1140.76","1073.33","1137.76","57283.85386103"
"2022-11-23T00:00:00.000Z","1137.76","1188.74","1127.04","1183.37","48753.16158714"
"2022-11-24T00:00:00.000Z","1183.37","1215.33","1179.99","1203.30","33630.82065174"
"2022-11-25T00:00:00.000Z","1203.30","1208.00","1171.20","1197.72","19870.59923392"
"2022-11-26T00:00:00.000Z","1197.73","1236.21","1196.83","1204.86","26659.38249520"
"2022-11-27T00:00:00.000Z","1204.86","1222.23","1189.20","1192.65","15624.35716586"
"2022-11-28T00:00:00.000Z","1192.68","1198.10","1150.34","1167.35","37519.85999929"
"2022-11-29T00:00:00.000Z","1167.34","1226.66","1158.00","1215.80","36580.43247501"
"2022-11-30T00:00:00.000Z","1215.80","1309.00","1212.13","1294.37","38059.75762090"
"2022-12-01T00:00:00.000Z","1294.60","1303.02","1263.05","1275.52","17891.42988120"
"2022-12-02T00:00:00.000Z","1275.58","1297.60","1265.12","1294.95","31463.30341899"
"2022-12-03T00:00:00.000Z","1294.95","1306.87","1237.54","1240.59","21319.89045087"
"2022-12-04T00:00:00.000Z","1240.89","1286.19","1240.14","1280.38","11197.39556749"
"2022-12-05T00:00:00.000Z","1280.08","1304.49","1248.00","1258.72","24875.92050129"
"2022-12-06T00:00:00.000Z","1258.71","1274.08","1241.97","1271.19","17952.08904310"
"2022-12-07T00:00:00.000Z","1271.18","1278.68","1219.40","1231.19","18857.30690654"
"2022-12-08T00:00:00.000Z","1231.19","1292.00","1222.37","1280.50","27849.24804154"
"2022-12-09T00:00:00.000Z","1280.50","1298.00","1255.16","1262.99","26213.43986392"
"2022-12-10T00:00:00.000Z","1263.00","1283.78","1260.16","1265.69","7092.29319436"
"2022-12-11T00:00:00.000Z","1265.69","1283.56","1255.21","1263.17","17331.67294329"
"2022-12-12T00:00:00.000Z","1263.16","1278.80","1240.45","1275.35","24190.20568659"
"2022-12-13T00:00:00.000Z","1275.35","1349.90","1256.40","1320.71","44474.72797313"
"2022-12-14T00:00:00.000Z","1320.47","1350.27","1300.24","1307.46","36770.93911138"
"2022-12-15T00:00:00.000Z","1307.46","1310.39","1260.00","1266.59","18143.73923175"
"2022-12-16T00:00:00.000Z","1266.62","1279.15","1154.46","1166.93","56523.17857284"
"2022-12-17T00:00:00.000Z","1166.90","1189.41","1162.50","1187.48","34480.79488972"
"2022-12-18T00:00:00.000Z","1187.47","1196.19","1172.68","1183.35","14130.75008818"
"2022-12-19T00:00:00.000Z","1183.35","1194.90","1150.24","1167.43","19906.20272489"
"2022-12-20T00:00:00.000Z","1167.27","1230.70","1163.28","1217.44","21147.11751245"
"2022-12-21T00:00:00.000Z","1217.15","1223.92","1203.46","1213.52","18150.09172735"
"2022-12-22T00:00:00.000Z","1213.28","1237.02","1180.00","1217.05","26776.23543487"
"2022-12-23T00:00:00.000Z","1217.13","1230.00","1209.42","1219.80","19059.70874074"
"2022-12-24T00:00:00.000Z","1219.95","1227.48","1214.41","1220.49","7962.34040873"
"2022-12-25T00:00:00.000Z","1220.28","1223.78","1193.78","1218.18","7813.93932945"
"2022-12-26T00:00:00.000Z","1218.18","1230.42","1210.43","1227.75","6613.54923729"
"2022-12-27T00:00:00.000Z","1227.73","1232.83","1201.00","1211.15","10850.00307573"
"2022-12-28T00:00:00.000Z","1211.14","1214.38","1180.50","1189.29","23018.63573815"
"2022-12-29T00:00:00.000Z","1189.52","1205.27","1186.60","1200.76","9857.32523943"
"2022-12-30T00:00:00.000Z","1200.76","1201.64","1181.88","1198.89","16376.67219543"
"2022-12-31T00:00:00.000Z","1198.90","1207.11","1190.71","1195.00","14936.66954170"
"2023-01-01T00:00:00.000Z","1195.00","1203.73","1190.86","1199.76","9172.16771235"
"2023-01-02T00:00:00.000Z","1199.85","1223.95","1192.58","1213.71","8749.18450445"
"2023-01-03T00:00:00.000Z","1213.61","1219.29","1204.07","1213.92","13209.92356593"
"2023-01-04T00:00:00.000Z","1214.00","1271.27","1212.25","1256.32","30445.18764374"
"2023-01-05T00:00:00.000Z","1256.39","1259.05","1242.06","1250.50","11128.56412389"
"2023-01-06T00:00:00.000Z","1250.52","1276.99","1236.31","1269.74","24645.03312115"
"2023-01-07T00:00:00.000Z","1269.74","1270.59","1261.28","1263.53","6125.15518708"
"2023-01-08T00:00:00.000Z","1263.68","1295.00","1257.38","1289.53","13260.73373704"
"2023-01-09T00:00:00.000Z","1289.53","1344.00","1285.40","1320.55","46186.09028150"
"2023-01-10T00:00:00.000Z","1320.55","1346.91","1316.61","1335.28","13948.85933888"
"2023-01-11T00:00:00.000Z","1335.50","1400.00","1320.69","1389.11","31351.17519840"
"2023-01-12T00:00:00.000Z","1389.12","1437.63","1351.00","1415.91","60364.37867687"
"2023-01-13T00:00:00.000Z","1415.91","1464.84","1401.34","1451.11","36901.14311342"
"2023-01-14T00:00:00.000Z","1451.12","1600.00","1449.72","1550.41","40063.71904934"
"2023-01-15T00:00:00.000Z","1550.40","1567.22","1516.24","1552.78","17608.06266049"
"2023-01-16T00:00:00.000Z","1552.16","1606.75","1520.36","1576.42","37091.47270348"
"2023-01-17T00:00:00.000Z","1576.43","1607.52","1541.88","1565.79","24695.65665198"
"2023-01-18T00:00:00.000Z","1565.71","1610.28","1480.00","1512.17","72828.72859640"
"2023-01-19T00:00:00.000Z","1511.80","1563.64","1509.44","1551.66","18902.84740723"
"2023-01-20T00:00:00.000Z","1551.61","1668.28","1541.96","1659.81","37006.78603686"
"2023-01-21T00:00:00.000Z","1659.80","1679.01","1615.10","1626.04","37051.80445610"
"2023-01-22T00:00:00.000Z","1626.05","1662.69","1602.75","1627.67","30694.95987235"
"2023-01-23T00:00:00.000Z","1627.66","1648.54","1585.00","1626.48","30523.23505186"
"2023-01-24T00:00:00.000Z","1626.40","1640.04","1531.35","1556.01","40939.53345880"
"2023-01-25T00:00:00.000Z","1555.63","1639.60","1518.00","1611.62","33939.63597998"
"2023-01-26T00:00:00.000Z","1611.62","1633.39","1578.78","1602.22","20970.68872741"
"2023-01-27T00:00:00.000Z","1602.14","1621.59","1551.00","1597.31","38471.69357639"
"2023-01-28T00:00:00.000Z","1597.31","1606.82","1557.24","1572.63","17893.51438760"
"2023-01-29T00:00:00.000Z","1572.41","1659.90","1567.61","1645.20","30391.75745279"
"2023-01-30T00:00:00.000Z","1645.20","1646.99","1530.51","1567.20","27564.66097077"
"2023-01-31T00:00:00.000Z","1567.19","1603.62","1560.82","1586.01","24709.09710171"
"2023-02-01T00:00:00.000Z","1586.01","1647.85","1558.00","1641.60","37993.01934420"
"2023-02-02T00:00:00.000Z","1641.60","1714.87","1632.18","1643.09","40203.80727868"
"2023-02-03T00:00:00.000Z","1643.24","1674.81","1626.28","1664.40","37571.32816314"
"2023-02-04T00:00:00.000Z","1664.41","1694.90","1646.27","1666.19","29609.91074181"
"2023-02-05T00:00:00.000Z","1666.19","1672.51","1610.01","1629.63","30959.50475209"
"2023-02-06T00:00:00.000Z","1629.40","1657.83","1605.00","1615.26","26091.85882888"
"2023-02-07T00:00:00.000Z","1615.25","1677.30","1610.97","1672.40","34980.30665900"
"2023-02-08T00:00:00.000Z","1672.00","1698.00","1630.77","1650.33","27590.55606086"
"2023-02-09T00:00:00.000Z","1650.32","1655.53","1522.11","1545.17","52001.53133073"
"2023-02-10T00:00:00.000Z","1545.00","1554.20","1492.00","1514.17","33712.24623542"
"2023-02-11T00:00:00.000Z","1513.01","1543.65","1503.33","1539.21","21278.24094838"
"2023-02-12T00:00:00.000Z","1539.21","1548.00","1494.22","1515.78","27348.14078314"
"2023-02-13T00:00:00.000Z","1515.78","1525.14","1463.88","1506.35","33257.12972824"
"2023-02-14T00:00:00.000Z","1506.66","1569.43","1486.38","1556.33","32836.86309680"
"2023-02-15T00:00:00.000Z","1556.65","1680.00","1544.00","1675.76","31588.63579501"
"2023-02-16T00:00:00.000Z","1676.75","1745.73","1634.17","1638.00","58756.37463265"
"2023-02-17T00:00:00.000Z","1638.00","1721.35","1630.69","1694.19","37528.59736111"
"2023-02-18T00:00:00.000Z","1694.25","1715.15","1680.43","1692.40","16721.86657501"
"2023-02-19T00:00:00.000Z","1692.04","1726.55","1667.18","1681.86","13360.03982717"
"2023-02-20T00:00:00.000Z","1680.74","1719.43","1651.09","1702.65","14239.01695394"
"2023-02-21T00:00:00.000Z","1702.64","1716.12","1637.57","1659.15","23128.48851510"
"2023-02-22T00:00:00.000Z","1659.14","1662.44","1596.24","1643.39","28689.11699038"
"2023-02-23T00:00:00.000Z","1643.40","1678.00","1628.61","1650.54","31354.05642040"
"2023-02-24T00:00:00.000Z","1650.54","1664.52","1575.00","1607.87","34315.98976133"
"2023-02-25T00:00:00.000Z","1607.86","1608.58","1558.29","1594.81","15981.55437619"
"2023-02-26T00:00:00.000Z","1594.51","1650.00","1586.79","1641.54","14524.04828427"
"2023-02-27T00:00:00.000Z","1641.64","1665.00","1609.37","1633.50","20589.03206280"
"2023-02-28T00:00:00.000Z","1633.51","1647.76","1597.07","1603.78","16386.11888990"
"2023-03-01T00:00:00.000Z","1605.54","1669.48","1596.00","1665.22","18342.27264224"
"2023-03-02T00:00:00.000Z","1665.21","1677.63","1620.14","1648.13","20834.93642487"
"2023-03-03T00:00:00.000Z","1648.04","1649.10","1542.13","1569.68","22518.44527954"
"2023-03-04T00:00:00.000Z","1569.65","1577.68","1549.42","1566.58","6522.67475427"
"2023-03-05T00:00:00.000Z","1566.82","1588.36","1554.23","1564.50","6729.46166360"
"2023-03-06T00:00:00.000Z","1564.10","1581.98","1555.55","1566.00","7219.72370995"
"2023-03-07T00:00:00.000Z","1565.99","1583.63","1529.22","1561.47","21135.43606813"
"2023-03-08T00:00:00.000Z","1561.47","1569.72","1525.01","1532.26","12547.52768837"
"2023-03-09T00:00:00.000Z","1532.06","1545.12","1409.64","1438.15","39401.65757013"
"2023-03-10T00:00:00.000Z","1437.61","1448.08","1370.00","1430.00","74543.58327086"
"2023-03-11T00:00:00.000Z","1430.00","1489.27","1415.01","1483.38","64379.38772383"
"2023-03-12T00:00:00.000Z","1483.59","1607.72","1460.43","1591.57","59473.31029668"
"2023-03-13T00:00:00.000Z","1591.71","1701.24","1570.56","1680.00","91780.70827608"
"2023-03-14T00:00:00.000Z","1679.99","1784.65","1666.00","1705.56","85701.29606937"
"2023-03-15T00:00:00.000Z","1704.84","1721.31","1616.00","1656.38","48414.99821664"
"2023-03-16T00:00:00.000Z","1656.38","1696.20","1639.00","1677.09","33887.36316270"
"2023-03-17T00:00:00.000Z","1677.14","1802.25","1667.00","1793.22","47427.21947150"
"2023-03-18T00:00:00.000Z","1793.30","1845.73","1750.00","1763.03","60971.00028061"
"2023-03-19T00:00:00.000Z","1762.72","1845.47","1762.39","1785.14","32397.63744922"
"2023-03-20T00:00:00.000Z","1785.91","1807.29","1728.25","1735.84","36928.28389372"
"2023-03-21T00:00:00.000Z","1735.83","1837.02","1723.44","1804.51","36354.61774683"
"2023-03-22T00:00:00.000Z","1804.17","1825.10","1713.49","1737.51","47787.48187162"
"2023-03-23T00:00:00.000Z","1737.85","1858.45","1732.69","1816.15","34753.38995301"
"2023-03-24T00:00:00.000Z","1816.06","1821.66","1728.01","1751.48","42727.05684018"
"2023-03-25T00:00:00.000Z","1751.67","1765.48","1715.04","1743.67","16205.44082418"
"2023-03-26T00:00:00.000Z","1743.57","1801.26","1740.60","1775.66","21463.39463503"
"2023-03-27T00:00:00.000Z","1775.66","1781.47","1686.50","1715.42","36764.97642313"
"2023-03-28T00:00:00.000Z","1715.39","1794.79","1697.53","1772.99","36614.52496781"
"2023-03-29T00:00:00.000Z","1772.99","1824.00","1772.99","1793.31","47244.06707413"
"2023-03-30T00:00:00.000Z","1793.10","1828.67","1762.80","1793.71","27212.88950260"
"2023-03-31T00:00:00.000Z","1793.53","1846.56","1780.78","1821.86","25129.01952690"
"2023-04-01T00:00:00.000Z","1821.82","1841.75","1810.00","1821.06","10257.26351981"
"2023-04-02T00:00:00.000Z","1821.07","1824.00","1772.50","1795.01","10157.40202498"
"2023-04-03T00:00:00.000Z","1795.23","1839.69","1763.00","1809.72","35816.22066779"
"2023-04-04T00:00:00.000Z","1810.75","1891.54","1802.99","1871.99","46077.60630419"
"2023-04-05T00:00:00.000Z","1872.00","1942.00","1865.04","1909.02","29953.57099588"
"2023-04-06T00:00:00.000Z","1908.95","1909.05","1854.11","1873.13","19380.34244245"
"2023-04-07T00:00:00.000Z","1873.10","1883.11","1840.91","1864.43","10718.56124814"
"2023-04-08T00:00:00.000Z","1864.62","1879.00","1848.00","1849.63","7975.66702518"
"2023-04-09T00:00:00.000Z","1849.76","1874.20","1825.48","1859.61","14975.79741797"
"2023-04-10T00:00:00.000Z","1859.69","1920.00","1848.00","1911.15","24886.60393224"
"2023-04-11T00:00:00.000Z","1911.02","1938.33","1883.54","1891.99","26083.45545985"
"2023-04-12T00:00:00.000Z","1891.44","1934.56","1855.00","1917.94","30950.27346074"
"2023-04-13T00:00:00.000Z","1918.45","2025.30","1902.00","2014.28","44512.83399801"
"2023-04-14T00:00:00.000Z","2014.23","2130.00","1967.21","2101.92","58025.71468143"
"2023-04-15T00:00:00.000Z","2101.92","2113.55","2072.84","2092.10","13822.38730528"
"2023-04-16T00:00:00.000Z","2092.20","2141.07","2075.37","2119.97","14143.70512817"
"2023-04-17T00:00:00.000Z","2119.87","2121.59","2057.24","2076.45","24263.06187965"
"2023-04-18T00:00:00.000Z","2075.43","2124.35","2049.48","2104.50","21535.85699744"
"2023-04-19T00:00:00.000Z","2104.51","2104.73","1923.95","1934.82","45611.22137869"
"2023-04-20T00:00:00.000Z","1933.93","1983.22","1910.00","1943.63","30689.04705161"
"2023-04-21T00:00:00.000Z","1943.22","1956.74","1827.72","1849.26","34113.93824725"
"2023-04-22T00:00:00.000Z","1849.27","1887.36","1843.72","1874.22","10905.88750678"
"2023-04-23T00:00:00.000Z","1874.37","1882.00","1835.72","1861.89","15305.80258838"
"2023-04-24T00:00:00.000Z","1861.89","1889.00","1807.98","1841.50","21718.34131127"
"2023-04-25T00:00:00.000Z","1842.00","1878.31","1803.69","1865.90","24917.40567957"
"2023-04-26T00:00:00.000Z","1866.34","1964.14","1787.00","1866.14","59957.86241536"
"2023-04-27T00:00:00.000Z","1866.15","1940.15","1861.86","1908.78","41127.29024311"
"2023-04-28T00:00:00.000Z","1908.73","1923.59","1875.11","1892.70","20958.85090576"
"2023-04-29T00:00:00.000Z","1892.70","1919.30","1884.59","1908.26","6701.72923328"
"2023-04-30T00:00:00.000Z","1908.39","1939.00","1866.65","1869.58","17871.96621548"
"2023-05-01T00:00:00.000Z","1869.58","1885.96","1805.98","1831.76","25214.55391964"
"2023-05-02T00:00:00.000Z","1830.83","1882.36","1823.24","1870.55","20168.82466767"
"2023-05-03T00:00:00.000Z","1870.90","1915.97","1843.71","1905.00","23725.50939416"
"2023-05-04T00:00:00.000Z","1905.00","1917.00","1867.18","1877.29","31049.76418764"
"2023-05-05T00:00:00.000Z","1878.07","2025.00","1876.59","1995.34","34941.64421685"
"2023-05-06T00:00:00.000Z","1995.50","2019.90","1864.11","1899.85","30401.57441935"
"2023-05-07T00:00:00.000Z","1899.86","1936.00","1871.58","1873.24","17004.88079648"
"2023-05-08T00:00:00.000Z","1872.11","1885.00","1812.00","1848.86","41701.62259378"
"2023-05-09T00:00:00.000Z","1849.25","1862.60","1831.54","1848.17","20026.72244367"
"2023-05-10T00:00:00.000Z","1847.86","1888.97","1792.02","1842.00","38340.02190834"
"2023-05-11T00:00:00.000Z","1842.00","1842.36","1770.71","1795.40","25435.94329901"
"2023-05-12T00:00:00.000Z","1794.98","1816.45","1740.00","1808.26","34181.15427087"
"2023-05-13T00:00:00.000Z","1808.23","1816.45","1788.00","1796.22","10941.75461366"
"2023-05-14T00:00:00.000Z","1796.08","1824.98","1790.98","1799.85","11786.48061238"
"2023-05-15T00:00:00.000Z","1799.89","1847.90","1785.80","1816.64","26209.15789997"
"2023-05-16T00:00:00.000Z","1815.81","1831.00","1796.63","1823.92","24857.21168214"
"2023-05-17T00:00:00.000Z","1824.07","1835.92","1782.95","1821.75","19543.84757734"
"2023-05-18T00:00:00.000Z","1821.79","1831.73","1772.15","1801.01","18591.33115391"
"2023-05-19T00:00:00.000Z","1801.00","1829.00","1797.61","1812.66","11355.37731966"
"2023-05-20T00:00:00.000Z","1812.66","1830.00","1807.49","1820.00","12244.34534132"
"2023-05-21T00:00:00.000Z","1819.79","1828.55","1796.68","1804.26","6230.34570666"
"2023-05-22T00:00:00.000Z","1804.79","1826.89","1791.93","1817.45","10108.83280042"
"2023-05-23T00:00:00.000Z","1817.63","1873.34","1815.35","1854.24","16348.20856496"
"2023-05-24T00:00:00.000Z","1854.12","1854.13","1777.83","1799.75","22658.67942886"
"2023-05-25T00:00:00.000Z","1799.83","1818.00","1761.43","1805.83","15918.02934956"
"2023-05-26T00:00:00.000Z","1805.83","1838.20","1796.30","1828.55","12407.24761575"
"2023-05-27T00:00:00.000Z","1828.81","1835.99","1813.51","1831.12","6641.68957707"
"2023-05-28T00:00:00.000Z","1831.13","1920.00","1824.33","1908.51","25555.28725800"
"2023-05-29T00:00:00.000Z","1909.83","1929.26","1873.65","1892.81","18950.42459866"
"2023-05-30T00:00:00.000Z","1892.95","1917.36","1881.72","1900.81","11258.76468405"
"2023-05-31T00:00:00.000Z","1900.80","1907.88","1843.65","1873.59","25630.14702200"
"2023-06-01T00:00:00.000Z","1873.88","1888.66","1838.01","1861.48","20253.61770570"
"2023-06-02T00:00:00.000Z","1861.21","1914.75","1847.19","1907.25","24966.62692218"
"2023-06-03T00:00:00.000Z","1907.25","1909.90","1883.49","1891.99","10601.22069413"
"2023-06-04T00:00:00.000Z","1891.98","1915.04","1884.90","1889.99","10334.51537192"
"2023-06-05T00:00:00.000Z","1889.77","1890.52","1777.00","1810.64","40407.55530339"
"2023-06-06T00:00:00.000Z","1810.83","1898.00","1796.35","1883.98","31540.04123606"
"2023-06-07T00:00:00.000Z","1884.36","1896.55","1821.40","1832.32","21886.75042360"
"2023-06-08T00:00:00.000Z","1832.31","1862.19","1828.81","1846.00","16237.59121052"
"2023-06-09T00:00:00.000Z","1846.03","1854.75","1828.20","1840.20","12002.90448819"
"2023-06-10T00:00:00.000Z","1840.20","1844.43","1718.73","1752.38","36760.58534814"
"2023-06-11T00:00:00.000Z","1752.33","1778.80","1739.13","1752.92","11953.17499279"
"2023-06-12T00:00:00.000Z","1752.92","1758.65","1720.09","1742.20","18996.69636593"
"2023-06-13T00:00:00.000Z","1742.20","1765.89","1724.60","1739.03","15920.89202565"
"2023-06-14T00:00:00.000Z","1739.03","1749.72","1630.01","1650.37","38258.98010430"
"2023-06-15T00:00:00.000Z","1650.37","1680.33","1620.06","1665.33","41203.25083866"
"2023-06-16T00:00:00.000Z","1665.32","1727.34","1648.77","1716.65","26721.36681376"
"2023-06-17T00:00:00.000Z","1716.95","1768.14","1713.80","1727.30","10152.50351998"
"2023-06-18T00:00:00.000Z","1727.30","1747.85","1713.29","1720.30","8856.94727688"
"2023-06-19T00:00:00.000Z","1720.31","1750.94","1698.95","1737.10","17741.73122112"
"2023-06-20T00:00:00.000Z","1736.85","1795.77","1715.00","1792.26","25574.57509754"
"2023-06-21T00:00:00.000Z","1792.54","1900.73","1787.74","1888.72","51048.06565828"
"2023-06-22T00:00:00.000Z","1888.80","1930.88","1867.12","1872.03","38971.72900894"
"2023-06-23T00:00:00.000Z","1872.26","1938.92","1862.89","1892.63","25125.12985930"
"2023-06-24T00:00:00.000Z","1893.00","1906.00","1866.08","1875.63","14032.47109847"
"2023-06-25T00:00:00.000Z","1875.63","1929.81","1869.24","1898.61","25394.49026167"
"2023-06-26T00:00:00.000Z","1898.84","1907.50","1838.00","1858.86","19688.90790123"
"2023-06-27T00:00:00.000Z","1858.74","1912.19","1856.24","1889.80","23557.66116956"
"2023-06-28T00:00:00.000Z","1889.68","1890.08","1817.06","1827.76","20718.31946007"
"2023-06-29T00:00:00.000Z","1827.81","1878.00","1827.53","1851.81","10750.26851017"
"2023-06-30T00:00:00.000Z","1851.82","1946.00","1825.80","1933.19","38341.64812754"
"2023-07-01T00:00:00.000Z","1934.02","1944.09","1909.04","1924.61","14206.52598205"
"2023-07-02T00:00:00.000Z","1924.61","1960.00","1889.17","1937.21","18467.60370489"
"2023-07-03T00:00:00.000Z","1937.21","1974.98","1933.71","1955.50","23564.72632847"
"2023-07-04T00:00:00.000Z","1955.79","1965.93","1931.71","1935.31","10589.63073212"
"2023-07-05T00:00:00.000Z","1935.31","1941.68","1894.77","1911.01","17926.05185290"
"2023-07-06T00:00:00.000Z","1911.01","1955.37","1845.85","1846.81","27138.36516016"
"2023-07-07T00:00:00.000Z","1846.68","1877.40","1825.99","1869.53","14028.31714182"
"2023-07-08T00:00:00.000Z","1869.53","1871.83","1844.22","1865.51","3512.37367737"
"2023-07-09T00:00:00.000Z","1865.51","1878.90","1858.05","1863.28","6809.47587204"
"2023-07-10T00:00:00.000Z","1863.38","1904.54","1847.72","1880.46","12471.65941255"
"2023-07-11T00:00:00.000Z","1880.47","1891.99","1862.66","1878.37","11088.11764436"
"2023-07-12T00:00:00.000Z","1878.65","1901.89","1865.90","1871.96","12637.07581750"
"2023-07-13T00:00:00.000Z","1871.75","2012.00","1864.56","2004.90","46037.51158851"
"2023-07-14T00:00:00.000Z","2005.36","2027.41","1900.29","1940.01","43520.98779710"
"2023-07-15T00:00:00.000Z","1940.00","1946.92","1927.28","1931.64","6426.93326757"
"2023-07-16T00:00:00.000Z","1931.64","1943.18","1916.00","1922.24","5222.11193804"
"2023-07-17T00:00:00.000Z","1922.22","1935.62","1875.00","1912.21","18741.17557463"
"2023-07-18T00:00:00.000Z","1911.07","1917.05","1876.80","1897.52","8748.93639188"
"2023-07-19T00:00:00.000Z","1897.51","1920.00","1882.68","1888.83","10897.90720584"
"2023-07-20T00:00:00.000Z","1888.78","1927.00","1877.04","1891.48","9663.74283929"
"2023-07-21T00:00:00.000Z","1891.36","1905.63","1884.36","1891.94","6121.32566121"
"2023-07-22T00:00:00.000Z","1892.28","1896.69","1850.10","1865.40","4434.05050068"
"2023-07-23T00:00:00.000Z","1865.96","1903.80","1859.22","1888.30","7287.51181971"
"2023-07-24T00:00:00.000Z","1888.27","1889.63","1832.51","1850.01","18102.89465132"
"2023-07-25T00:00:00.000Z","1849.94","1866.66","1845.81","1857.96","9749.87405293"
"2023-07-26T00:00:00.000Z","1857.96","1886.65","1846.38","1871.80","15020.10564551"
"2023-07-27T00:00:00.000Z","1871.87","1884.80","1854.74","1860.37","11365.67263096"
"2023-07-28T00:00:00.000Z","1860.37","1881.96","1857.02","1875.32","9805.11838933"
"2023-07-29T00:00:00.000Z","1875.32","1885.72","1870.56","1881.15","2363.83793878"
"2023-07-30T00:00:00.000Z","1881.16","1884.10","1850.44","1861.64","4276.20028433"
"2023-07-31T00:00:00.000Z","1861.62","1875.63","1852.00","1855.91","5072.45845079"
"2023-08-01T00:00:00.000Z","1855.92","1874.00","1815.18","1873.19","17416.37586854"
"2023-08-02T00:00:00.000Z","1873.04","1878.88","1819.31","1839.09","16587.11468827"
"2023-08-03T00:00:00.000Z","1838.60","1857.14","1824.08","1834.42","18005.93964468"
"2023-08-04T00:00:00.000Z","1834.10","1849.56","1811.82","1827.53","14106.97548606"
"2023-08-05T00:00:00.000Z","1827.51","1836.44","1825.00","1834.56","3572.85446892"
"2023-08-06T00:00:00.000Z","1834.56","1836.19","1823.60","1827.09","3249.86675641"
"2023-08-07T00:00:00.000Z","1827.11","1843.09","1800.59","1827.04","16252.48922713"
"2023-08-08T00:00:00.000Z","1827.04","1876.46","1824.19","1855.53","14461.07016662"
"2023-08-09T00:00:00.000Z","1855.56","1870.35","1845.02","1854.07","13205.36925681"
"2023-08-10T00:00:00.000Z","1854.07","1864.02","1844.16","1850.76","8478.32289135"
"2023-08-11T00:00:00.000Z","1850.73","1856.12","1835.86","1847.26","7466.54386422"
"2023-08-12T00:00:00.000Z","1847.15","1852.60","1845.61","1849.12","4222.09441210"
"2023-08-13T00:00:00.000Z","1849.12","1860.09","1833.57","1839.48","3979.29143830"
"2023-08-14T00:00:00.000Z","1839.47","1853.69","1834.11","1843.95","11932.62646376"
"2023-08-15T00:00:00.000Z","1843.95","1845.22","1811.67","1826.88","6419.65616397"
"2023-08-16T00:00:00.000Z","1826.88","1828.75","1795.46","1805.56","17257.25690062"
"2023-08-17T00:00:00.000Z","1805.57","1807.61","1517.07","1682.29","50359.38754245"
"2023-08-18T00:00:00.000Z","1682.29","1699.51","1641.32","1660.85","21222.40648645"
"2023-08-19T00:00:00.000Z","1661.23","1695.99","1653.88","1669.56","6323.92433582"
"2023-08-20T00:00:00.000Z","1669.56","1693.40","1662.04","1685.35","9066.73769329"
"2023-08-21T00:00:00.000Z","1685.29","1686.98","1649.98","1667.07","12084.91900675"
"2023-08-22T00:00:00.000Z","1667.07","1669.05","1580.71","1633.24","17972.61253421"
"2023-08-23T00:00:00.000Z","1634.41","1698.48","1629.09","1679.10","16258.25309759"
"2023-08-24T00:00:00.000Z","1679.10","1682.74","1635.56","1660.45","10114.51722392"
"2023-08-25T00:00:00.000Z","1660.46","1675.24","1635.29","1652.97","13103.14780181"
"2023-08-26T00:00:00.000Z","1653.00","1654.73","1643.24","1646.31","2865.87291623"
"2023-08-27T00:00:00.000Z","1646.34","1659.25","1645.64","1657.70","4079.53994791"
"2023-08-28T00:00:00.000Z","1657.69","1662.82","1621.07","1652.39","8748.51330378"
"2023-08-29T00:00:00.000Z","1652.34","1747.20","1639.14","1729.46","23483.42079143"
"2023-08-30T00:00:00.000Z","1729.35","1731.59","1696.06","1705.12","14932.44584063"
"2023-08-31T00:00:00.000Z","1705.29","1723.38","1630.00","1645.79","22746.64577162"
"2023-09-01T00:00:00.000Z","1645.79","1654.00","1600.10","1628.40","21386.03397719"
"2023-09-02T00:00:00.000Z","1628.67","1644.50","1627.69","1636.89","3243.67572133"
"2023-09-03T00:00:00.000Z","1636.89","1646.97","1625.11","1635.79","4577.32929070"
"2023-09-04T00:00:00.000Z","1635.80","1643.37","1616.21","1629.17","5476.96667281"
"2023-09-05T00:00:00.000Z","1629.17","1646.81","1608.13","1633.46","16519.12438897"
"2023-09-06T00:00:00.000Z","1633.46","1668.43","1609.06","1632.29","18376.35043156"
"2023-09-07T00:00:00.000Z","1632.30","1669.36","1623.02","1647.55","13857.45350771"
"2023-09-08T00:00:00.000Z","1647.56","1656.91","1616.22","1636.20","14380.28920250"
"2023-09-09T00:00:00.000Z","1636.20","1636.95","1629.73","1635.39","2551.94652808"
"2023-09-10T00:00:00.000Z","1635.38","1635.58","1600.66","1616.84","5111.70426314"
"2023-09-11T00:00:00.000Z","1616.58","1618.33","1530.85","1551.51","20764.37144828"
"2023-09-12T00:00:00.000Z","1551.51","1624.44","1549.53","1593.05","14544.45452699"
"2023-09-13T00:00:00.000Z","1593.07","1618.16","1582.00","1608.00","12891.63350115"
"2023-09-14T00:00:00.000Z","1607.97","1644.99","1607.95","1626.49","15371.80172591"
"2023-09-15T00:00:00.000Z","1626.49","1652.60","1612.23","1641.25","12950.73919885"
"2023-09-16T00:00:00.000Z","1641.42","1652.54","1631.92","1635.21","3765.21459319"
"2023-09-17T00:00:00.000Z","1635.22","1635.59","1613.27","1623.20","4029.18553018"
"2023-09-18T00:00:00.000Z","1623.21","1669.01","1605.99","1637.34","10585.47213100"
"2023-09-19T00:00:00.000Z","1637.34","1660.36","1627.67","1643.49","9764.34864155"
"2023-09-20T00:00:00.000Z","1643.50","1649.28","1606.10","1622.72","12023.70346104"
"2023-09-21T00:00:00.000Z","1622.72","1625.05","1568.39","1584.25","16209.38049503"
"2023-09-22T00:00:00.000Z","1584.25","1601.89","1577.53","1593.07","7884.62214844"
"2023-09-23T00:00:00.000Z","1593.24","1598.00","1588.21","1593.43","4552.97172390"
"2023-09-24T00:00:00.000Z","1593.43","1600.50","1571.33","1580.91","5516.08879050"
"2023-09-25T00:00:00.000Z","1580.90","1596.17","1563.63","1588.32","12814.47330865"
"2023-09-26T00:00:00.000Z","1588.33","1598.03","1579.80","1593.37","7171.54043917"
"2023-09-27T00:00:00.000Z","1593.55","1633.79","1583.59","1597.61","13267.01152296"
"2023-09-28T00:00:00.000Z","1597.75","1667.50","1597.09","1652.83","20532.75146439"
"2023-09-29T00:00:00.000Z","1652.84","1687.99","1648.73","1667.90","16255.17323432"
"2023-09-30T00:00:00.000Z","1667.90","1693.66","1666.47","1671.01","4534.24505306"
"2023-10-01T00:00:00.000Z","1671.01","1756.00","1668.20","1733.57","17740.99146375"
"2023-10-02T00:00:00.000Z","1733.75","1743.62","1635.99","1663.05","29538.90030126"
"2023-10-03T00:00:00.000Z","1662.71","1670.46","1644.00","1657.00","15135.99809106"
"2023-10-04T00:00:00.000Z","1656.99","1657.57","1585.85","1647.70","14732.79488981"
"2023-10-05T00:00:00.000Z","1646.72","1654.52","1607.40","1611.40","11547.44512166"
"2023-10-06T00:00:00.000Z","1612.41","1664.00","1612.11","1645.85","16363.47537752"
"2023-10-07T00:00:00.000Z","1645.97","1648.45","1631.32","1634.68","3776.80845763"
"2023-10-08T00:00:00.000Z","1634.68","1641.69","1617.88","1633.64","4887.79780404"
"2023-10-09T00:00:00.000Z","1633.53","1635.99","1549.00","1580.09","21387.45383579"
"2023-10-10T00:00:00.000Z","1579.90","1594.16","1550.97","1567.39","14655.88312127"
"2023-10-11T00:00:00.000Z","1567.59","1578.05","1542.25","1566.56","21845.98023727"
"2023-10-12T00:00:00.000Z","1565.93","1567.67","1521.45","1539.37","14457.95627081"
"2023-10-13T00:00:00.000Z","1539.37","1574.01","1537.20","1552.06","14881.13697532"
"2023-10-14T00:00:00.000Z","1552.16","1561.18","1545.61","1555.01","3297.51434464"
"2023-10-15T00:00:00.000Z","1555.07","1566.52","1550.00","1558.04","4217.82251937"
"2023-10-16T00:00:00.000Z","1558.03","1669.98","1555.65","1600.25","29738.75506561"
"2023-10-17T00:00:00.000Z","1600.17","1601.28","1553.25","1565.56","11292.96825700"
"2023-10-18T00:00:00.000Z","1565.95","1585.68","1556.19","1563.75","11400.23490379"
"2023-10-19T00:00:00.000Z","1563.75","1573.75","1542.00","1567.64","11996.55303298"
"2023-10-20T00:00:00.000Z","1567.64","1630.49","1562.01","1604.57","36436.67871913"
"2023-10-21T00:00:00.000Z","1604.57","1644.15","1593.32","1629.45","14696.66327094"
"2023-10-22T00:00:00.000Z","1629.45","1668.00","1620.43","1663.25","19583.59542392"
"2023-10-23T00:00:00.000Z","1663.25","1796.18","1658.26","1765.79","40510.97963946"
"2023-10-24T00:00:00.000Z","1766.36","1854.56","1756.16","1784.47","54029.60712696"
"2023-10-25T00:00:00.000Z","1785.01","1817.12","1760.59","1787.71","20127.47035946"
"2023-10-26T00:00:00.000Z","1787.71","1866.00","1762.17","1803.93","28278.05274646"
"2023-10-27T00:00:00.000Z","1803.94","1804.16","1741.68","1780.00","20770.46333536"
"2023-10-28T00:00:00.000Z","1780.01","1801.94","1770.94","1776.70","6057.44808248"
"2023-10-29T00:00:00.000Z","1776.70","1811.13","1763.73","1795.67","9278.19597966"
"2023-10-30T00:00:00.000Z","1795.67","1830.00","1779.22","1810.36","15688.33715596"
"2023-10-31T00:00:00.000Z","1810.35","1819.98","1782.20","1815.58","16866.14146163"
"2023-11-01T00:00:00.000Z","1815.12","1857.99","1784.61","1847.43","30675.29420533"
"2023-11-02T00:00:00.000Z","1847.58","1874.99","1786.17","1801.22","27401.11868745"
"2023-11-03T00:00:00.000Z","1801.22","1835.18","1777.85","1833.93","23177.29532691"
"2023-11-04T00:00:00.000Z","1833.94","1870.49","1825.14","1857.44","24270.72385845"
"2023-11-05T00:00:00.000Z","1857.35","1912.92","1848.28","1893.74","39685.88945111"
"2023-11-06T00:00:00.000Z","1893.18","1914.96","1870.99","1901.57","29450.01795660"
"2023-11-07T00:00:00.000Z","1901.70","1907.50","1851.01","1886.02","26255.65124981"
"2023-11-08T00:00:00.000Z","1885.98","1904.98","1873.86","1889.10","15783.07769056"
"2023-11-09T00:00:00.000Z","1889.01","2131.86","1883.94","2119.30","99450.55808668"
"2023-11-10T00:00:00.000Z","2121.15","2137.00","2065.00","2077.88","50921.04340559"
"2023-11-11T00:00:00.000Z","2078.16","2090.99","2030.82","2052.75","32289.59473956"
"2023-11-12T00:00:00.000Z","2052.76","2066.78","2018.00","2045.29","25877.84581588"
"2023-11-13T00:00:00.000Z","2045.10","2118.66","2030.78","2054.78","47381.30978709"
"2023-11-14T00:00:00.000Z","2054.16","2065.00","1933.00","1979.44","56791.76240361"
"2023-11-15T00:00:00.000Z","1979.61","2062.96","1967.03","2060.92","35632.35144319"
"2023-11-16T00:00:00.000Z","2060.17","2092.00","1935.43","1961.50","50945.34581788"
"2023-11-17T00:00:00.000Z","1961.50","1991.00","1905.47","1961.40","31705.33740198"
"2023-11-18T00:00:00.000Z","1961.39","1972.14","1918.63","1963.34","7815.41720534"
"2023-11-19T00:00:00.000Z","1963.34","2016.36","1945.00","2012.77","13567.28448904"
"2023-11-20T00:00:00.000Z","2012.82","2068.25","1995.10","2021.87","61619.25150380"
"2023-11-21T00:00:00.000Z","2022.03","2035.00","1930.54","1934.14","35800.35794790"
"2023-11-22T00:00:00.000Z","1933.47","2092.00","1931.23","2064.20","38118.18477476"
"2023-11-23T00:00:00.000Z","2064.20","2088.51","2038.15","2062.76","11488.80165375"
"2023-11-24T00:00:00.000Z","2062.75","2132.95","2060.41","2081.28","25513.33313254"
"2023-11-25T00:00:00.000Z","2081.27","2091.48","2067.27","2083.76","8431.61374817"
"2023-11-26T00:00:00.000Z","2083.83","2094.67","2037.71","2062.85","17457.31814044"
"2023-11-27T00:00:00.000Z","2062.84","2071.73","1986.01","2027.19","28884.34434190"
"2023-11-28T00:00:00.000Z","2027.44","2076.44","1996.16","2049.41","25250.84924131"
"2023-11-29T00:00:00.000Z","2048.91","2075.00","2020.04","2029.53","13191.56374907"
"2023-11-30T00:00:00.000Z","2029.40","2054.48","2022.74","2052.03","8958.38603356"
"2023-12-01T00:00:00.000Z","2052.03","2110.00","2046.11","2086.99","18603.40916187"
"2023-12-02T00:00:00.000Z","2086.98","2187.99","2086.98","2165.60","19187.20773177"
"2023-12-03T00:00:00.000Z","2165.61","2217.74","2147.84","2193.33","23969.20911927"
"2023-12-04T00:00:00.000Z","2193.34","2275.38","2148.00","2243.02","49787.99338613"
"2023-12-05T00:00:00.000Z","2243.02","2310.04","2188.81","2292.90","32555.67129577"
"2023-12-06T00:00:00.000Z","2292.91","2316.37","2221.57","2233.47","26705.67982457"
"2023-12-07T00:00:00.000Z","2233.46","2382.00","2222.09","2356.41","34220.20023237"
"2023-12-08T00:00:00.000Z","2356.31","2390.00","2338.86","2358.77","30868.12958977"
"2023-12-09T00:00:00.000Z","2358.77","2401.82","2330.00","2340.25","22889.01717158"
"2023-12-10T00:00:00.000Z","2340.26","2378.28","2323.00","2351.33","12467.55827307"
"2023-12-11T00:00:00.000Z","2351.34","2353.47","1980.00","2224.51","44141.50797941"
"2023-12-12T00:00:00.000Z","2224.40","2241.48","2165.00","2201.84","22799.97274736"
"2023-12-13T00:00:00.000Z","2201.84","2283.59","2135.56","2260.41","24564.66700762"
"2023-12-14T00:00:00.000Z","2260.56","2332.43","2210.00","2316.10","20960.41715641"
"2023-12-15T00:00:00.000Z","2316.10","2316.80","2201.09","2218.77","17339.76060900"
"2023-12-16T00:00:00.000Z","2218.99","2259.61","2212.46","2226.39","6533.79636410"
"2023-12-17T00:00:00.000Z","2226.39","2244.16","2192.17","2195.62","13726.92400661"
"2023-12-18T00:00:00.000Z","2195.01","2222.00","2116.60","2217.79","24356.47411300"
"2023-12-19T00:00:00.000Z","2217.79","2253.40","2136.00","2177.29","21789.16342146"
"2023-12-20T00:00:00.000Z","2177.29","2265.00","2155.00","2200.78","32835.87552208"
"2023-12-21T00:00:00.000Z","2200.78","2280.45","2182.99","2239.64","29442.61106662"
"2023-12-22T00:00:00.000Z","2239.64","2342.82","2232.51","2326.61","45499.14168086"
"2023-12-23T00:00:00.000Z","2326.61","2330.73","2269.13","2309.12","21673.33625603"
"2023-12-24T00:00:00.000Z","2309.01","2326.09","2247.01","2264.80","19906.92357992"
"2023-12-25T00:00:00.000Z","2264.68","2303.20","2254.35","2272.94","14843.95936505"
"2023-12-26T00:00:00.000Z","2272.74","2274.58","2180.00","2230.95","24085.87251568"
"2023-12-27T00:00:00.000Z","2232.12","2397.00","2212.55","2380.40","38786.37603459"
"2023-12-28T00:00:00.000Z","2380.71","2445.04","2338.78","2346.63","58457.71379060"
"2023-12-29T00:00:00.000Z","2346.63","2385.00","2258.00","2299.87","31096.88054867"
"2023-12-30T00:00:00.000Z","2298.97","2322.20","2265.00","2292.03","10497.13310793"
"2023-12-31T00:00:00.000Z","2292.03","2318.30","2260.00","2281.95","13913.27224470"
"2024-01-01T00:00:00.000Z","2281.94","2352.57","2266.64","2352.57","13168.16008869"
"2024-01-02T00:00:00.000Z","2352.57","2430.92","2326.30","2356.21","29335.84633186"
"2024-01-03T00:00:00.000Z","2356.21","2384.01","1860.00","2210.31","46262.29322491"
"2024-01-04T00:00:00.000Z","2210.30","2297.50","2204.91","2268.70","17064.67341456"
"2024-01-05T00:00:00.000Z","2269.33","2278.00","2209.32","2269.24","16571.15598716"
"2024-01-06T00:00:00.000Z","2269.23","2271.61","2218.63","2240.84","10503.79033437"
"2024-01-07T00:00:00.000Z","2240.83","2256.00","2208.40","2220.78","11318.08445900"
"2024-01-08T00:00:00.000Z","2222.38","2358.98","2118.00","2333.00","23678.71178332"
"2024-01-09T00:00:00.000Z","2333.01","2371.99","2230.00","2345.13","26788.42250965"
"2024-01-10T00:00:00.000Z","2345.09","2642.03","2342.79","2584.13","62769.10977108"
"2024-01-11T00:00:00.000Z","2584.06","2690.97","2567.52","2620.01","57643.03583545"
"2024-01-12T00:00:00.000Z","2620.01","2716.13","2438.29","2522.85","59103.78182652"
"2024-01-13T00:00:00.000Z","2522.86","2588.58","2498.00","2576.60","19041.72813838"
"2024-01-14T00:00:00.000Z","2576.60","2578.80","2468.78","2471.34","15705.46598109"
"2024-01-15T00:00:00.000Z","2471.04","2550.82","2469.81","2510.22","18108.71970635"
"2024-01-16T00:00:00.000Z","2510.23","2614.21","2499.28","2586.15","20532.50412647"
"2024-01-17T00:00:00.000Z","2586.59","2592.67","2507.46","2527.96","18081.43037855"
"2024-01-18T00:00:00.000Z","2527.96","2545.47","2424.55","2467.00","16479.37748045"
"2024-01-19T00:00:00.000Z","2467.00","2502.09","2413.99","2489.53","15712.75381097"
"2024-01-20T00:00:00.000Z","2490.08","2490.08","2458.17","2470.35","3906.74885267"
"2024-01-21T00:00:00.000Z","2470.35","2480.29","2450.83","2454.13","5250.77758934"
"2024-01-22T00:00:00.000Z","2454.13","2464.19","2302.16","2310.77","20344.05250845"
"2024-01-23T00:00:00.000Z","2311.05","2348.05","2165.90","2242.11","28801.66241324"
"2024-01-24T00:00:00.000Z","2240.92","2262.21","2196.30","2234.18","17550.46342860"
"2024-01-25T00:00:00.000Z","2233.96","2239.75","2170.82","2217.38","12179.21990251"
"2024-01-26T00:00:00.000Z","2217.38","2280.00","2195.52","2267.82","17703.59555451"
"2024-01-27T00:00:00.000Z","2267.82","2282.00","2252.06","2268.11","8664.84952321"
"2024-01-28T00:00:00.000Z","2266.59","2307.29","2241.35","2257.24","9228.69922901"
"2024-01-29T00:00:00.000Z","2257.24","2322.91","2234.11","2316.49","11545.50826280"
"2024-01-30T00:00:00.000Z","2316.50","2390.18","2296.73","2343.32","16957.51527118"
"2024-01-31T00:00:00.000Z","2343.40","2351.20","2263.50","2283.42","16578.02986039"
"2024-02-01T00:00:00.000Z","2283.41","2309.99","2241.45","2303.86","14021.48252100"
"2024-02-02T00:00:00.000Z","2303.85","2322.56","2280.14","2306.46","9553.33053015"
"2024-02-03T00:00:00.000Z","2306.59","2327.55","2293.51","2294.43","3836.32858199"
"2024-02-04T00:00:00.000Z","2294.43","2309.41","2268.73","2288.62","8354.78170889"
"2024-02-05T00:00:00.000Z","2288.62","2334.62","2268.41","2299.02","7997.67866129"
"2024-02-06T00:00:00.000Z","2299.04","2389.78","2296.77","2372.13","14374.97205506"
"2024-02-07T00:00:00.000Z","2372.14","2442.99","2353.52","2423.67","30171.39844877"
"2024-02-08T00:00:00.000Z","2423.68","2462.16","2411.09","2419.62","43441.83744190"
"2024-02-09T00:00:00.000Z","2419.61","2524.31","2419.04","2487.21","34326.82317316"
"2024-02-10T00:00:00.000Z","2487.21","2516.05","2474.08","2500.02","12668.13883758"
"2024-02-11T00:00:00.000Z","2500.02","2538.10","2495.00","2507.02","6315.40772493"
"2024-02-12T00:00:00.000Z","2507.03","2665.23","2472.03","2659.00","19510.40638051"
"2024-02-13T00:00:00.000Z","2659.01","2685.24","2589.00","2641.74","22857.41901200"
"2024-02-14T00:00:00.000Z","2641.73","2787.24","2620.23","2777.76","23014.17043031"
"2024-02-15T00:00:00.000Z","2777.51","2869.76","2764.52","2823.61","21445.36310018"
"2024-02-16T00:00:00.000Z","2823.61","2858.40","2717.32","2804.13","22360.17358029"
"2024-02-17T00:00:00.000Z","2804.16","2804.97","2722.00","2787.70","10208.20885354"
"2024-02-18T00:00:00.000Z","2787.69","2894.40","2768.06","2881.49","15523.30426341"
"2024-02-19T00:00:00.000Z","2881.50","2984.00","2860.00","2943.97","26946.93623108"
"2024-02-20T00:00:00.000Z","2943.98","3032.00","2876.51","3016.33","31294.20416590"
"2024-02-21T00:00:00.000Z","3016.13","3017.41","2865.18","2971.37","24723.46221684"
"2024-02-22T00:00:00.000Z","2970.35","3036.91","2906.00","2970.33","20589.33006809"
"2024-02-23T00:00:00.000Z","2970.33","2990.73","2907.70","2921.96","11211.41439572"
"2024-02-24T00:00:00.000Z","2921.96","3003.36","2907.70","2990.81","8102.55848646"
"2024-02-25T00:00:00.000Z","2991.70","3121.22","2985.00","3112.80","24300.99167964"
"2024-02-26T00:00:00.000Z","3112.79","3197.00","3036.68","3178.69","31581.02797467"
"2024-02-27T00:00:00.000Z","3178.69","3287.64","3163.26","3244.25","39224.61586289"
"2024-02-28T00:00:00.000Z","3244.59","3496.02","3111.00","3385.53","56659.57355394"
"2024-02-29T00:00:00.000Z","3385.67","3519.68","3305.00","3342.60","39266.22907384"
"2024-03-01T00:00:00.000Z","3342.60","3455.00","3341.19","3436.26","19126.02928526"
"2024-03-02T00:00:00.000Z","3436.26","3459.95","3399.00","3421.49","16338.08409431"
"2024-03-03T00:00:00.000Z","3421.49","3490.00","3360.00","3489.54","13549.93168727"
"2024-03-04T00:00:00.000Z","3489.53","3644.32","3430.64","3631.23","32075.87975273"
"2024-03-05T00:00:00.000Z","3633.20","3827.69","3211.27","3560.01","68852.75969150"
"2024-03-06T00:00:00.000Z","3560.00","3898.70","3499.57","3817.95","48810.17111636"
"2024-03-07T00:00:00.000Z","3821.01","3938.34","3738.34","3872.54","21715.91115460"
"2024-03-08T00:00:00.000Z","3873.26","3998.00","3824.77","3892.23","23240.20597795"
"2024-03-09T00:00:00.000Z","3892.23","3950.00","3880.46","3914.01","10418.67053305"
"2024-03-10T00:00:00.000Z","3914.01","3969.30","3800.86","3880.98","11207.73494559"
"2024-03-11T00:00:00.000Z","3880.98","4088.00","3739.20","4065.29","30295.37625934"
"2024-03-12T00:00:00.000Z","4065.30","4090.00","3830.56","3980.40","27307.47166558"
"2024-03-13T00:00:00.000Z","3980.93","4083.99","3937.00","4007.21","18307.13637240"
"2024-03-14T00:00:00.000Z","4006.11","4011.72","3722.46","3880.78","29625.13757859"
"2024-03-15T00:00:00.000Z","3881.16","3965.00","3570.00","3738.00","32040.91770103"
"2024-03-16T00:00:00.000Z","3740.14","3778.94","3466.78","3520.27","19133.79936173"
"2024-03-17T00:00:00.000Z","3519.95","3675.00","3414.01","3642.62","21689.73169453"
"2024-03-18T00:00:00.000Z","3642.62","3642.62","3456.00","3518.43","14139.18011847"
"2024-03-19T00:00:00.000Z","3518.43","3547.76","3146.98","3162.42","42076.07170383"
"2024-03-20T00:00:00.000Z","3158.67","3535.01","3059.65","3515.43","60286.32812196"
"2024-03-21T00:00:00.000Z","3515.00","3587.94","3411.70","3492.49","23758.04594407"
"2024-03-22T00:00:00.000Z","3492.50","3542.24","3250.00","3335.09","18651.78975736"
"2024-03-23T00:00:00.000Z","3335.59","3433.22","3273.28","3332.70","12919.91831211"
"2024-03-24T00:00:00.000Z","3331.03","3468.50","3301.76","3454.03","11620.88989161"
"2024-03-25T00:00:00.000Z","3454.03","3659.81","3420.55","3591.30","26945.66833297"
"2024-03-26T00:00:00.000Z","3591.30","3680.32","3544.08","3587.04","17884.42876944"
"2024-03-27T00:00:00.000Z","3587.36","3663.28","3456.90","3498.52","24566.39084324"
"2024-03-28T00:00:00.000Z","3499.05","3610.00","3464.43","3562.69","18144.48471579"
"2024-03-29T00:00:00.000Z","3562.69","3582.65","3474.20","3511.68","17152.31736535"
"2024-03-30T00:00:00.000Z","3511.68","3565.62","3489.40","3508.28","13656.86335973"
"2024-03-31T00:00:00.000Z","3507.69","3654.10","3506.94","3647.72","9209.87880317"
"2024-04-01T00:00:00.000Z","3647.71","3647.72","3410.09","3505.48","22991.16379680"
"2024-04-02T00:00:00.000Z","3505.87","3507.46","3215.87","3278.03","29397.83774852"
"2024-04-03T00:00:00.000Z","3278.75","3366.96","3206.01","3312.28","15473.19415165"
"2024-04-04T00:00:00.000Z","3310.72","3443.76","3255.10","3329.56","19250.67567578"
"2024-04-05T00:00:00.000Z","3329.57","3345.00","3212.11","3320.55","17810.20211392"
"2024-04-06T00:00:00.000Z","3320.55","3397.06","3310.00","3354.95","6390.46334567"
"2024-04-07T00:00:00.000Z","3354.94","3458.66","3348.70","3454.03","6845.35118961"
"2024-04-08T00:00:00.000Z","3454.06","3726.84","3409.41","3694.38","28896.03745765"
"2024-04-09T00:00:00.000Z","3694.38","3726.79","3451.02","3505.69","24096.59419218"
"2024-04-10T00:00:00.000Z","3505.68","3559.30","3408.01","3543.42","17898.58678571"
"2024-04-11T00:00:00.000Z","3543.42","3614.88","3476.20","3505.25","12248.98148627"
"2024-04-12T00:00:00.000Z","3505.24","3551.15","2926.93","3240.10","35274.23894117"
"2024-04-13T00:00:00.000Z","3240.11","3300.09","2537.00","3013.12","46924.29162845"
"2024-04-14T00:00:00.000Z","3011.42","3173.40","2913.43","3155.99","17201.91567190"
"2024-04-15T00:00:00.000Z","3156.00","3278.53","3026.00","3101.38","27281.82597592"
"2024-04-16T00:00:00.000Z","3101.38","3127.57","2987.26","3084.92","20070.58524244"
"2024-04-17T00:00:00.000Z","3084.92","3121.54","2914.34","2985.40","20766.74960597"
"2024-04-18T00:00:00.000Z","2985.40","3094.49","2955.19","3064.51","12129.43746245"
"2024-04-19T00:00:00.000Z","3064.51","3125.46","2867.00","3058.52","17117.99544752"
"2024-04-20T00:00:00.000Z","3058.52","3169.99","3021.63","3157.67","5455.32879113"
"2024-04-21T00:00:00.000Z","3157.81","3197.14","3120.00","3148.05","7615.20164802"
"2024-04-22T00:00:00.000Z","3148.31","3234.55","3130.05","3202.00","11858.88467609"
"2024-04-23T00:00:00.000Z","3202.00","3263.55","3154.00","3220.02","14787.82593007"
"2024-04-24T00:00:00.000Z","3220.00","3291.64","3105.75","3138.84","10404.85898170"
"2024-04-25T00:00:00.000Z","3139.11","3190.86","3074.39","3155.68","9692.87605160"
"2024-04-26T00:00:00.000Z","3155.63","3166.13","3102.55","3129.96","9823.74431079"
"2024-04-27T00:00:00.000Z","3129.96","3279.31","3070.34","3252.62","9198.94010367"
"2024-04-28T00:00:00.000Z","3252.63","3355.90","3250.00","3262.02","7973.17094111"
"2024-04-29T00:00:00.000Z","3262.03","3285.23","3113.70","3216.18","12463.30004485"
"2024-04-30T00:00:00.000Z","3216.09","3247.51","2916.57","3010.62","22271.46579808"
"2024-05-01T00:00:00.000Z","3010.62","3020.14","2813.80","2970.02","24577.66018931"